ISO,Latitude,Longitude,Start Year,Magnitude,Total Deaths,Total Affected
IDN,-1.9708,138.9033,2025,5.0,,
TWN,23.1911,120.5429,2025,4.8,,
,3.692,127.8168,2025,4.6,,
ITA,38.9658,14.8889,2025,5.1,,
GRC,36.5805,25.6218,2025,4.6,,
,1.275,-83.6471,2025,4.7,,
RUS,43.4426,147.7686,2025,4.6,,
,-23.9177,-176.143,2025,6.0,,
ETH,9.1686,40.1978,2025,4.8,,
ETH,9.3425,40.1856,2025,4.6,,
IDN,-7.2425,125.1561,2025,4.8,,
PER,-15.5994,-70.1897,2025,4.8,,
GRC,36.5485,25.6196,2025,5.1,,
FJI,-15.5688,-179.7474,2025,4.9,,
CCK,-9.7998,97.5875,2025,5.8,,
JPN,43.2641,142.728,2025,4.9,,
COL,6.7272,-73.0809,2025,4.5,,
TON,-16.6013,-173.6341,2025,4.5,,
PNG,-2.8226,141.6313,2025,5.0,,
PNG,-2.8138,141.6201,2025,5.1,,
IDN,4.4689,126.6945,2025,5.4,,
CHL,-42.4508,-74.2463,2025,4.8,,
GRC,36.5204,25.4862,2025,4.6,,
CHL,-30.0276,-71.2882,2025,4.6,,
GRC,36.6462,25.6136,2025,4.6,,
JPN,39.7907,141.7934,2025,4.6,,
GRC,36.5727,25.5906,2025,4.5,,
,-39.0218,-92.6005,2025,4.6,,
,-19.0936,-172.6221,2025,5.0,,
GRC,36.6542,25.6259,2025,5.1,,
,-11.4468,117.237,2025,4.7,,
GRC,36.5579,25.6814,2025,4.8,,
IDN,-9.7446,119.6086,2025,4.6,,
GRC,36.638,25.5914,2025,4.8,,
GRC,36.6917,25.5912,2025,4.7,,
GRC,36.5653,25.653,2025,4.9,,
CHL,-20.2878,-69.2301,2025,4.9,,
ECU,-1.8053,-78.0667,2025,4.9,,
USA,54.744,-158.068,2025,4.7,,
VUT,-19.1985,168.7218,2025,4.8,,
GTM,13.8202,-91.5748,2025,5.6,,
IDN,1.5585,127.1409,2025,5.5,,
,-35.3171,178.8129,2025,4.9,,
,-22.5598,-12.7353,2025,4.9,,
RUS,46.4936,153.5492,2025,5.0,,
CHN,41.2848,83.8028,2025,5.0,,
GRC,36.5432,25.5937,2025,4.7,,
GTM,14.0,-91.0,1902,8.0,2000.0,
IND,32.04,76.16,1905,8.0,20000.0,
CHL,33.05,71.4,1906,8.0,20000.0,
CHN,38.5,69.9,1907,7.0,12000.0,
FRA,44.05,6.14,1909,6.0,46.0,
CRI,9.8,-84.0,1910,,1750.0,
DZA,36.0,4.0,1910,6.0,12.0,
IDN,-3.924,101.82,1914,8.0,20.0,20.0
CHN,28.0,104.0,1917,7.0,1800.0,
GTM,14.38,-90.22,1917,6.0,2650.0,
IDN,-7.0,116.0,1917,7.0,15000.0,
CHN,23.5,117.0,1918,7.0,10000.0,
CHN,36.888,105.606,1920,9.0,180000.0,
CHL,-28.553,-70.755,1922,9.0,1000.0,
CHN,31.295,100.75,1923,7.0,5000.0,
ECU,-1.29,-78.52,1924,7.0,40.0,
IDN,-7.21,109.56,1924,,727.0,11250.0
CHN,25.713,100.422,1925,7.0,5000.0,
IDN,-0.842,120.764,1927,6.0,50.0,50.0
CHN,37.645,102.489,1927,8.0,40912.0,133894.0
IDN,0.5,126.0,1932,7.0,6.0,3075.0
CHN,31.9,103.4,1933,8.0,10000.0,
IDN,6.1,94.7,1936,7.0,9.0,20.0
IDN,3.5,97.5,1936,,17.0,
IDN,-0.557,118.881,1938,8.0,,5630.0
CHL,-36.305,-72.315,1939,8.0,30000.0,58500.0
GHA,5.552,-0.628,1939,6.0,22.0,7630.0
ECU,-0.025,-79.955,1942,,200.0,
CHL,-31.432,-71.475,1943,8.0,12.0,35.0
IDN,-8.591,109.803,1943,7.0,213.0,16096.0
ARG,-31.372,68.436,1944,7.0,10000.0,155000.0
CHL,-26.5,-70.5,1946,8.0,2.0,
DOM,19.25,-69.0,1946,8.0,73.0,
DZA,35.75,5.0,1946,,276.0,
ECU,-1.5,-78.2,1949,7.0,6000.0,100000.0
CHL,-38.0,-73.5,1949,7.0,35.0,155.0
CHL,-54.0,-71.0,1949,8.0,6.0,18.0
IND,28.5,96.5,1950,9.0,1500.0,
COL,7.8,-72.5,1950,,211.0,40000.0
HTI,18.3,73.2,1952,,6.0,
CHL,-37.093,-72.866,1953,8.0,12.0,40.0
CYP,34.741,32.335,1953,6.0,40.0,2600.0
GRC,38.182,20.942,1953,7.0,476.0,141277.0
CHL,-22.1,-68.7,1953,7.0,3.0,15.0
DZA,36.283,1.467,1954,7.0,1250.0,134250.0
AFG,36.0,66.0,1954,,2000.0,
GRC,39.3,22.2,1954,7.0,31.0,200.0
CHN,30.0,101.8,1955,8.0,39.0,113.0
EGY,32.2,29.6,1955,6.0,20.0,28.0
GRC,36.664,25.957,1956,8.0,53.0,100.0
AFG,35.1,67.5,1956,8.0,100.0,2000.0
ESP,37.0,-4.0,1956,,11.0,70.0
IND,23.0,70.0,1956,6.0,113.0,219.0
IDN,-9.5,112.5,1958,7.0,8.0,3361.0
CHL,-38.143,-73.407,1960,10.0,6000.0,2003000.0
DZA,36.0,4.1,1960,6.0,57.0,1250.0
ETH,10.4,39.9,1961,7.0,30.0,
ALB,40.9,19.5,1962,6.0,15.0,154.0
COL,5.173,-76.352,1962,7.0,47.0,300.0
AZO,38.8,-28.4,1964,5.0,,1000.0
IDN,-2.608,-125.952,1965,8.0,71.0,15000.0
CHL,-32.522,-71.233,1965,7.0,400.0,20350.0
DZA,35.7,4.4,1965,6.0,2.0,49350.0
GRC,39.4,24.0,1965,6.0,38.0,30253.0
CHL,-25.494,-70.55,1966,8.0,4.0,3006.0
GRC,39.2,22.0,1966,6.0,1.0,11050.0
GRC,37.5,22.1,1966,6.0,1.0,15123.0
IDN,-3.7,119.3,1967,6.0,71.0,100.0
ALB,41.386,20.532,1967,7.0,11.0,134.0
COL,2.849,-74.798,1967,7.0,61.0,40200.0
FRA,43.2,-0.5,1967,5.0,1.0,1100.0
GRC,39.5,21.2,1967,6.0,9.0,16583.0
IDN,-8.965,113.017,1967,6.0,54.0,8411.0
IND,17.412,73.885,1967,7.0,177.0,52272.0
GRC,39.368,24.957,1968,7.0,19.0,7618.0
AUS,-31.566,117.071,1968,7.0,,4290.0
IDN,0.157,119.802,1968,8.0,200.0,
CHN,22.317,111.8,1969,6.0,3000.0,53810.0
ETH,11.9,41.21,1969,6.0,24.0,585.0
IDN,-3.201,118.904,1969,7.0,64.0,6532.0
CHN,24.185,102.543,1970,7.0,10000.0,
COL,6.375,-77.438,1970,7.0,,3006.0
ECU,-4.026,-80.542,1970,7.0,29.0,88112.0
IND,21.7,73.0,1970,5.0,26.0,200.0
CHL,-32.601,-71.076,1971,8.0,85.0,2348973.0
CRI,10.679,-84.759,1973,7.0,21.0,3745.0
CHN,28.4,104.1,1974,7.0,20000.0,
CHN,40.641,122.58,1975,7.0,2000.0,
IND,32.455,78.43,1975,7.0,47.0,
AFG,36.61,67.79,1976,6.0,50.0,90000.0
CHN,39.57,117.978,1976,8.0,242000.0,164000.0
ECU,0.782,79.804,1976,7.0,10.0,
GTM,15.324,-89.101,1976,8.0,23000.0,4993000.0
IDN,-4.603,140.091,1976,7.0,420.0,15000.0
IDN,-8.17,114.888,1976,7.0,573.0,454755.0
IDN,-4.517,139.918,1976,7.0,133.0,7000.0
IDN,-11.164,118.378,1977,8.0,185.0,3975.0
ARG,-31.028,-67.767,1977,7.0,70.0,40100.0
GRC,40.739,23.229,1978,6.0,50.0,600100.0
JPN,40.5,142.5,1901,8.0,18.0,24.0
SUN,40.8,72.3,1902,6.0,4562.0,125112.0
TUR,39.09,42.3,1903,6.0,3560.0,60000.0
JPN,37.4,142.6,1907,7.0,41.0,
ITA,38.67,16.07,1905,7.0,557.0,22100.0
USA,37.67,-122.48,1906,8.0,700.0,84564.0
TWN,23.6,170.5,1906,7.0,1258.0,20452.0
JAM,18.2,-76.8,1907,7.0,1200.0,90000.0
ITA,38.17,15.58,1908,7.0,75000.0,150000.0
IRN,33.55,48.48,1909,8.0,5000.0,
MAR,35.34,-5.22,1909,,100.0,
TUR,40.41,27.15,1912,8.0,923.0,18195.0
PER,-14.2,-72.9,1913,6.0,150.0,
ROU,43.5,25.5,1913,7.0,,
JPN,39.2,139.8,1914,7.0,94.0,1920.0
ITA,42.02,13.26,1915,8.0,29980.0,
USA,32.47,-115.33,1915,6.0,6.0,
PHL,8.29,124.4,1918,8.0,100.0,
PRI,18.06,-67.54,1918,8.0,116.0,
ITA,44.3,10.3,1920,6.0,1400.0,
JPN,35.413,139.298,1923,8.0,143000.0,203733.0
IRN,35.2,59.2,1923,6.0,2200.0,
JOR,31.922,35.633,1927,6.0,268.0,
JPN,35.632,135.013,1927,7.0,3022.0,79540.0
NZL,-41.55,172.25,1929,8.0,17.0,
IRN,37.8,57.8,1929,7.0,3253.0,1121.0
MMR,17.86,96.43,1930,8.0,500.0,
IRN,38.087,44.781,1930,7.0,1360.0,
ITA,40.922,15.377,1930,6.0,1883.0,10000.0
JPN,35.05,139.129,1930,7.0,259.0,26122.0
MMR,18.233,96.298,1930,7.0,36.0,
NIC,13.2,-85.7,1931,6.0,1000.0,
NZL,-39.659,176.42,1931,7.0,256.0,11000.0
SLB,11.117,161.11,1931,8.0,50.0,
USA,33.62,117.97,1933,6.0,116.0,
JPN,39.224,144.622,1933,8.0,3000.0,
PAK,29.5,66.8,1935,8.0,60000.0,25000.0
TWN,24.3,124.3,1935,6.0,3276.0,101588.0
TWN,24.6,120.8,1935,7.0,2746.0,156004.0
TUR,39.508,33.872,1938,7.0,149.0,800.0
TUR,39.771,39.57,1939,8.0,32962.0,
TUR,39.7,10.4,1939,6.0,13.0,
TUR,39.209,27.164,1939,6.0,60.0,68.0
PER,-10.5,-77.0,1940,8.0,179.0,3500.0
ROU,45.8,26.8,1940,7.0,980.0,
TUR,38.4,35.5,1940,,37.0,
USA,32.733,-115.5,1940,7.0,9.0,
MMR,22.408,99.814,1941,7.0,15.0,
TUR,40.87,36.732,1942,7.0,3000.0,
JPN,35.448,133.993,1943,7.0,1400.0,23217.0
PER,-14.2,-71.5,1943,5.0,200.0,
TUR,40.916,33.562,1943,8.0,4020.0,5000.0
JPN,33.682,36.204,1944,8.0,1223.0,80573.0
TUR,40.696,32.992,1944,8.0,3959.0,
TUR,39.502,26.596,1944,7.0,27.0,
JPN,34.612,137.064,1945,7.0,2306.0,22559.0
PAK,24.927,63.601,1945,8.0,4000.0,
JPN,33.116,135.895,1946,8.0,2000.0,
USA,53.492,-162.832,1946,9.0,165.0,
PER,-8.41,-77.535,1946,7.0,1400.0,
SUN,39.826,54.648,1946,7.0,400.0,
TUR,39.3,41.2,1946,6.0,840.0,
IRN,33.621,58.643,1947,7.0,400.0,
PER,-10.973,-74.725,1947,8.0,233.0,
JPN,36.5,136.0,1948,7.0,5131.0,326000.0
PHL,10.5,122.0,1948,8.0,72.0,
SUN,37.95,58.32,1948,7.0,110000.0,
SUN,39.2,70.8,1949,7.0,3500.0,
TUR,39.0,40.5,1949,7.0,320.0,355.0
USA,47.167,-122.617,1949,7.0,8.0,
PER,-13.5,-72.0,1950,6.0,83.0,200.0
NIC,13.0,-87.5,1951,6.0,500.0,
SLV,13.3,-87.8,1951,7.0,1100.0,
TUR,40.8,33.4,1951,7.0,54.0,150.0
JPN,42.084,143.899,1952,8.0,33.0,200.0
SUN,52.623,159.779,1952,,,
TUR,36.5,35.5,1952,5.0,20.0,
TUR,39.9,41.7,1952,6.0,103.0,250.0
USA,34.958,-118.998,1952,8.0,12.0,200.0
USA,35.333,-118.917,1952,6.0,2.0,270.0
IRN,35.385,54.979,1953,7.0,970.0,
PER,-3.552,-80.636,1953,7.0,9.0,1020.0
TUR,40.175,27.648,1953,7.0,1200.0,50000.0
PHL,13.0,123.9,1954,7.0,13.0,101.0
PHL,7.674,124.081,1955,6.0,400.0,2000.0
IRN,27.407,54.462,1956,6.0,350.0,
LBN,35.5,35.5,1956,6.0,136.0,200.0
MEX,16.5,-99.1,1957,8.0,160.0,100.0
IRN,33.4,52.5,1957,,44.0,
IRN,36100.0,52700.0,1957,7.0,2500.0,10000.0
IRN,34.3,47.8,1957,7.0,3000.0,5000.0
MNG,45.5,99.5,1957,8.0,1200.0,
TUN,36.2,8.9,1957,6.0,13.0,
TUR,40.7,30.9,1957,7.0,53.0,119.0
IRN,34.4,47.9,1958,7.0,191.0,984.0
PER,-16.5,-72.0,1958,7.0,28.0,
USA,44.712,-111.215,1959,7.0,28.0,
MEX,18.22,-94.416,1959,6.0,25.0,200.0
MAR,30.45,-9.62,1960,6.0,12000.0,25000.0
PER,-15.75,-72.75,1960,8.0,63.0,200.0
IRN,28.0,54.5,1960,6.0,480.0,
IRN,35.656,49.843,1962,7.0,12000.0,103000.0
ITA,41.4,15.5,1962,6.0,16.0,30000.0
LBY,32.6,21.0,1963,5.0,300.0,5375.0
JPN,38.67,139.195,1964,7.0,25.0,35376.0
USA,60.908,-147.339,1964,9.0,131.0,
MEX,18.136,-100.605,1964,7.0,45.0,4000.0
TUR,40.203,28.206,1964,7.0,23.0,13100.0
TWN,23.2,120.6,1964,7.0,107.0,62485.0
SLV,13.5,-89.3,1965,6.0,125.0,139720.0
USA,47.4,-122.3,1965,7.0,7.0,
PER,-10.665,-78.228,1966,8.0,120.0,108356.0
NPL,29.706,80.935,1966,6.0,80.0,20100.0
SUN,41.2,69.1,1966,,10.0,100000.0
TUR,38.5,41.3,1966,,14.0,
TUR,39.235,41.572,1966,7.0,2394.0,109500.0
UGA,0.622,29.863,1966,1.0,104.0,5510.0
TUR,40.751,30.8,1967,7.0,183.0,326073.0
JPN,40.5,140.43,1968,7.0,47.0,2781.0
MEX,15.5,-92.7,1968,6.0,15.0,500.0
PHL,16.316,122.067,1968,,271.0,261.0
TUR,41.86,32.463,1968,7.0,24.0,20200.0
IRN,39.2,44.3,1968,5.0,38.0,5100.0
IRN,34.158,59.083,1968,7.0,10000.0,79050.0
ITA,37.702,13.033,1968,6.0,224.0,55563.0
NIC,12.1,-86.2,1968,5.0,,2000.0
NZL,-41.659,172.02,1968,7.0,3.0,314.0
PER,-5.61,-77.086,1968,7.0,11.0,420.0
IRN,37.1,57.9,1969,6.0,50.0,48300.0
PER,-11.841,-75.051,1969,7.0,150.0,3216.0
TUR,38.515,28.546,1969,7.0,53.0,350.0
PER,-9.183,-78.737,1970,8.0,66794.0,3216240.0
PNG,-4.999,145.396,1970,7.0,15.0,4020.0
IRN,37.733,55.885,1970,7.0,176.0,10000.0
PER,-4.026,-80.542,1970,7.0,29.0,15252.0
PHL,15.791,121.63,1970,,14.0,200.0
TUR,39.098,29.57,1970,7.0,1086.0,83448.0
ITA,42.5,11.8,1971,5.0,22.0,4220.0
TUR,37.6,29.8,1971,6.0,57.0,
TUR,38.934,40.653,1971,7.0,878.0,88665.0
USA,34.416,-118.37,1971,7.0,65.0,2000.0
IRN,28.415,52.765,1972,7.0,5057.0,23458.0
ITA,43.8,13.3,1972,5.0,1.0,450.0
NIC,12.184,-86.223,1972,6.0,10000.0,720000.0
PAK,36.0,73.4,1972,6.0,100.0,5000.0
PER,-6.855,-76.726,1972,6.0,12.0,1575000.0
MEX,18.481,-102.996,1973,8.0,56.0,390.0
MEX,18.267,-96.598,1973,7.0,500.0,
PHL,13.372,122.787,1973,7.0,14.0,64.0
JPN,34.522,138.74,1974,7.0,30.0,73.0
PAK,35.1,72.9,1974,6.0,4700.0,50200.0
PER,-12.265,-77.795,1974,8.0,78.0,43674.0
SLB,-7.104,155.152,1975,8.0,200.0,
TUR,38.474,40.723,1975,7.0,2385.0,53372.0
PHL,6.262,124.023,1976,8.0,6000.0,181348.0
IRN,33.8,59.15,1976,6.0,16.0,
ISL,66.157,-16.582,1976,6.0,1.0,6.0
ITA,46.356,13.275,1976,7.0,922.0,218222.0
NZL,-28.427,-177.657,1976,8.0,,
SUN,40.381,63.472,1976,7.0,,
TUR,41.13,43.01,1976,5.0,2.0,6.0
TUR,37.7,28.89,1976,5.0,4.0,9050.0
TUR,39.121,44.029,1976,7.0,3840.0,216000.0
SLB,-9.828,160.323,1977,7.0,34.0,1001.0
IRN,27.609,56.393,1977,7.0,167.0,20682.0
IRN,31.98,50.68,1977,6.0,352.0,400200.0
IRN,38.934,44.38,1977,5.0,3.0,9.0
IRN,30.95,56.47,1977,6.0,589.0,500.0
PHL,16.773,122.327,1977,7.0,1.0,60030.0
ROU,45.772,26.761,1977,8.0,1641.0,386300.0
TON,-22.878,-175.9,1977,7.0,1.0,5505.0
TUR,38.56,40.02,1977,5.0,30.0,
JPN,34.809,139.259,1978,7.0,25.0,2016.0
ITA,38.391,15.066,1978,6.0,5.0,900.0
JPN,38.19,142.028,1978,8.0,28.0,2500.0
YMN,16.4,43.5,1941,6.0,1200.0,8700.0
VEN,10.5,-68.0,1950,7.0,100.0,
YUG,42.1,21.3,1963,6.0,1070.0,3300.0
VEN,10.559,-67.33,1967,7.0,240.0,81536.0
YUG,42.0,21.28,1967,,7.0,21870.0
YUG,42.1,19.3,1968,5.0,1.0,15030.0
YUG,44.9,17.3,1969,6.0,15.0,286116.0
ZAF,-33.268,19.386,1969,6.0,9.0,1000.0
DFR,48.29,9.01,1978,6.0,,235.0
GTM,14.321,-90.082,1979,5.0,,2040.0
COL,1.598,-79.358,1979,8.0,579.0,11042.0
ALB,42.096,19.209,1979,7.0,35.0,350.0
CHN,31.452,119.241,1979,5.0,42.0,572532.0
CHN,41.145,108.129,1979,6.0,,2104.0
COL,4.805,-76.217,1979,7.0,60.0,600.0
DZA,36.195,1.354,1980,7.0,2633.0,930317.0
AZO,38.815,-27.78,1980,7.0,69.0,21900.0
ECU,-1.948,-80.017,1980,6.0,8.0,40.0
GRC,39.203,22.729,1980,6.0,1.0,17.0
COL,8.117,-72.527,1981,5.0,10.0,
GRC,39.481,20.699,1981,6.0,2.0,450.0
CHN,30.927,101.098,1981,7.0,150.0,25850.0
GRC,38.222,22.934,1981,7.0,22.0,80400.0
AFG,36.148,69.011,1982,7.0,500.0,38000.0
ALB,40.883,19.59,1982,6.0,1.0,5005.0
CHN,31.907,99.931,1982,6.0,10.0,5.0
CRI,9.652,-83.688,1983,7.0,2.0,5060.0
CHL,-26.535,-70.563,1983,7.0,4.0,1524.0
CHN,35.206,115.213,1983,5.0,34.0,18700.0
COL,2.461,-76.686,1983,5.0,250.0,36200.0
CRI,8.717,-83.123,1983,7.0,10.0,475.0
GIN,11.866,-13.529,1983,6.0,275.0,21436.0
GRC,38.294,20.262,1983,6.0,,487.0
ARG,-33.053,-68.467,1985,7.0,6.0,45238.0
CHL,-33.135,-71.871,1985,8.0,180.0,1482275.0
CHN,25.926,102.871,1985,6.0,22.0,300.0
CHN,39.431,75.224,1985,7.0,67.0,16100.0
DZA,36.46,6.791,1985,6.0,30.0,
GTM,15.299,-90.863,1985,5.0,,5000.0
CHL,-19.022,-69.991,1987,7.0,5.0,5112.0
ECU,0.151,-77.785,1987,7.0,5000.0,150000.0
ECU,-0.978,-78.05,1987,6.0,2.0,6.0
CHN,41.529,79.318,1987,6.0,,2085.0
CHN,24.924,115.608,1987,5.0,,185084.0
DZA,35.964,1.374,1987,4.0,1.0,3152.0
GRC,37.938,20.932,1988,6.0,,25.0
GTM,13.881,-90.45,1988,7.0,5.0,500.0
BGD,24.688,991.57,1988,6.0,2.0,100.0
CHN,38.111,106.336,1988,6.0,,50060.0
CHN,22.789,99.611,1988,8.0,939.0,1270364.0
DZA,36.443,2.759,1988,5.0,,257.0
GTM,13.881,-90.45,1988,6.0,,1550.0
IRN,33.386,57.434,1978,7.0,25000.0,40000.0
IRN,32.14,49.65,1978,6.0,45.0,52.0
MEX,16.01,-96.591,1978,8.0,9.0,3850.0
IDN,-1.679,136.04,1979,8.0,2.0,5005.0
IDN,8.8,123.5,1979,,539.0,23.0
IDN,-7.656,108.252,1979,6.0,26.0,43200.0
IDN,-3.299,102.712,1979,7.0,5.0,1500.0
IDN,-8.39,115.889,1979,6.0,32.0,619.0
IRN,33.897,59.472,1979,7.0,199.0,5200.0
IRN,33.918,59.741,1979,7.0,350.0,15055.0
IRN,33.962,59.726,1979,7.0,16.0,23.0
ITA,42.812,13.061,1979,6.0,5.0,5000.0
MEX,17.813,-101.276,1979,8.0,5.0,7535.0
PER,-16.39,-72.658,1979,7.0,13.0,1100.0
IND,32.913,75.633,1980,6.0,13.0,40.0
IRN,34.587,50.652,1980,6.0,20.0,
IRN,34.503,50.59,1980,5.0,4.0,100.0
IRN,35.4,51.26,1980,6.0,26.0,
ITA,40.914,15.366,1980,7.0,4689.0,407700.0
JPN,35.45,139.964,1980,6.0,2.0,73.0
MEX,32.2,-115.122,1980,6.0,2.0,60.0
MEX,18.211,-98.24,1980,7.0,65.0,6300.0
NPL,29.598,81.092,1980,7.0,100.0,240600.0
PER,-13.347,-74.545,1980,5.0,7.0,3000.0
IDN,-4.576,139.232,1981,7.0,306.0,2682.0
PAK,35.693,73.594,1981,6.0,250.0,2000.0
IRN,29.913,57.715,1981,7.0,2000.0,3000.0
IRN,30.013,57.794,1981,7.0,1200.0,31000.0
ITA,41.051,14.601,1981,5.0,12.0,
MEX,18.048,-102.084,1981,7.0,3.0,28.0
PAK,29.856,66.962,1981,4.0,6.0,237.0
PER,-13.166,-74.522,1981,5.0,10.0,12256.0
PER,-13.144,-74.376,1981,5.0,8.0,15.0
IDN,-8.405,123.08,1982,6.0,13.0,8817.0
IDN,4.374,97.755,1982,5.0,,15000.0
JPN,42.158,142.361,1982,7.0,110.0,1100.0
ITA,43.164,12.586,1982,4.0,,5000.0
MEX,16.558,-98.358,1982,7.0,9.0,17.0
PER,-12.69,-76.065,1982,6.0,3.0,
PHL,18.231,120.86,1983,7.0,19.0,1901.0
IRN,35.953,52.264,1983,5.0,30.0,7066.0
JPN,35.5,139.07,1983,5.0,1.0,28.0
JPN,40.462,139.102,1983,8.0,102.0,77.0
IDN,5.723,94.722,1983,7.0,,100.0
IRN,36.948,49.18,1983,6.0,3.0,416.0
PAK,36.372,70.738,1983,7.0,24.0,543.0
PER,-4.843,-78.103,1983,5.0,10.0,
PNG,5.392,151.868,1983,6.0,10.0,
IDN,-4.13,136.049,1985,6.0,10.0,7.0
IRN,28.399,52.997,1985,5.0,1.0,7080.0
MEX,18.19,-102.533,1985,8.0,9500.0,2130204.0
PAK,36.19,70.896,1985,7.0,5.0,12038.0
PER,-9.159,-78.887,1985,6.0,,400.0
PHL,7.758,123.544,1985,7.0,2.0,175.0
PNG,-5.599,151.045,1985,7.0,,
IDN,-8.247,124.155,1987,7.0,125.0,17100.0
PNG,-6.088,147.689,1987,7.0,1.0,4000.0
IDN,2.244,98.866,1987,6.0,2.0,15001.0
IRN,34.076,48.266,1987,5.0,2.0,50.0
JPN,35.38,140.214,1987,6.0,2.0,22652.0
MEX,33.015,-115.852,1987,7.0,2.0,3050.0
NZL,-37.965,176.765,1987,7.0,1.0,7025.0
IND,26.755,616.0,1988,7.0,382.0,20003766.0
IRN,29.974,51.679,1988,6.0,1.0,10000.0
IRN,30.89,50.194,1988,6.0,,3030.0
NPL,26.755,86.616,1988,7.0,709.0,301016.0
TUR,36.69,39.79,1978,5.0,,2645.0
YUG,42.096,19.209,1979,7.0,121.0,310100.0
YUG,42.255,18.752,1979,6.0,,80.0
YUG,43.294,20.837,1980,6.0,,5100.0
VEN,8.045,-72.441,1980,5.0,,186.0
YUG,44.849,17.312,1981,6.0,,44.0
SLV,13.332,-89.387,1982,7.0,20.0,32500.0
YMN,14.701,44.379,1982,6.0,1507.0,401500.0
USA,19.43,-155.454,1983,6.0,,6.0
SUN,39.042,48.714,1983,5.0,,14000.0
TUR,40.33,42.187,1983,7.0,1346.0,834137.0
USA,36.219,-120.317,1983,5.0,,1545.0
USA,43.974,-113.916,1983,,2.0,2.0
YUG,41.959,21.54,1983,5.0,12.0,
SUN,36.19,70.896,1985,7.0,,
SUN,40.301,69.823,1985,6.0,29.0,8080.0
TUR,40.31,42.307,1985,4.0,,579.0
YUG,41.581,22.254,1985,5.0,,1516.0
SUN,26.0,46.5,1986,6.0,1.0,225558.0
SUN,41.431,43.737,1986,6.0,2.0,4500.0
USA,34.061,-118.079,1987,6.0,8.0,2200.0
USA,33.013,115.838,1987,7.0,,94.0
SUN,40.987,44.185,1988,7.0,25000.0,1642000.0
ALB,41.246,19.63,1988,6.0,,690.0
DZA,36.788,2.448,1989,6.0,22.0,12184.0
AUS,-32.967,151.619,1989,5.0,12.0,2115.0
BGD,21.861,89.763,1989,5.0,1.0,100.0
CHN,29.987,99.195,1989,6.0,8.0,40107.0
CHN,39.893,113.884,1989,5.0,29.0,105140.0
CHN,23.553,99.526,1989,6.0,1.0,26591.0
CHN,29.882,106.804,1989,5.0,4.0,52800.0
CHN,31.583,102.433,1989,6.0,,21404.0
BGR,45.841,26.668,1990,7.0,1.0,
COL,6.47,-71.21,1993,6.0,2.0,3071.0
IDN,-4.511,139.022,1989,6.0,120.0,17196.0
IDN,1.031,126.189,1989,5.0,,5500.0
IDN,-8.081,125.129,1989,6.0,,197.0
IRN,30.167,50.921,1989,6.0,100.0,217.0
MEX,16.773,-99.328,1989,7.0,3.0,350.0
IRN,36.961,49.414,1990,7.0,40000.0,710000.0
PHL,9.725,124.625,1990,7.0,1.0,34504.0
PER,-6.016,-77.229,1990,7.0,200.0,100800.0
IDN,1.186,122.857,1990,8.0,5.0,7036.0
PHL,11.76,121.899,1990,7.0,4.0,15.0
ROU,45.841,26.668,1990,7.0,9.0,700.0
PAK,38.993,70.423,1991,6.0,300.0,204794.0
SLB,-10.199,160.855,1988,7.0,1.0,500.0
SUN,38.465,68.694,1989,5.0,274.0,12051.0
USA,37.036,-121.88,1989,7.0,62.0,3757.0
USA,19.362,-155.083,1989,6.0,5.0,315.0
VEN,11.038,-68.27,1989,5.0,,2000.0
SUN,45.841,26.668,1990,7.0,4.0,
SUN,47.892,85.12,1990,7.0,1.0,20000.0
SUN,47.949,84.958,1990,6.0,,1508.0
SUN,40.854,73.553,1990,5.0,,3000.0
SUN,42.15,42.44,1991,7.0,270.0,251500.0
SUN,35.883,70.423,1991,7.0,3.0,
SUN,60.7,167.2,1991,7.0,,
SUN,37.457,68.273,1991,5.0,1.0,5000.0
USA,33.961,-116.32,1992,6.0,,32.0
USA,42.314,-122.01,1993,6.0,2.0,3000.0
CHL,-30.933,-71.22,1997,7.0,8.0,53098.0
ARM,41.101,45.14,1997,4.0,,15000.0
CHN,41.083,114.5,1998,6.0,49.0,598000.0
AFG,37.106,70.11,1998,7.0,4700.0,116935.0
AFG,37.075,70.089,1998,6.0,2323.0,32818.0
AUT,46.245,13.652,1998,6.0,,
AZE,38.717,48.507,1998,6.0,1.0,700010.0
AZO,38.65,-28.626,1998,6.0,10.0,1100.0
BOL,-17.731,-65.431,1998,7.0,95.0,18050.0
IDN,0.729,119.931,1996,7.0,9.0,13000.0
IDN,1.1,137.15,1996,8.0,166.0,25638.0
ECU,-0.593,-80.393,1998,7.0,3.0,2040.0
IRN,30.154,57.605,1998,7.0,5.0,1500.0
IRN,32.457,59.976,1998,6.0,12.0,2935.0
ITA,43.164,12.701,1998,5.0,,905.0
VUT,-12.584,166.676,1997,8.0,,
CHN,27.308,101.029,1998,6.0,3.0,337443.0
PNG,-2.961,141.926,1998,7.0,2182.0,9867.0
SVN,46.245,13.652,1998,6.0,,700.0
TUR,3.878,35.307,1998,6.0,145.0,1589600.0
AFG,36.479,71.086,1998,6.0,,
ALB,41.925,20.39,1998,5.0,,2100.0
CHN,26.373,104.021,1998,5.0,,107084.0
CHN,37.388,78.843,1998,6.0,,25028.0
CHN,39.66,77.343,1998,6.0,3.0,111862.0
AFG,34.259,69.364,1999,6.0,70.0,91960.0
AZE,40.802,47.448,1999,5.0,1.0,9168.0
BGD,21.544,91.895,1999,5.0,6.0,15200.0
CHN,41.131,114.658,1999,5.0,,16003.0
CHN,39.899,113.983,1999,6.0,,3020004.0
CHN,40.459,122.889,1999,5.0,,800.0
AZE,40.245,49.946,2000,7.0,31.0,3294.0
BGD,21.431,91.762,2000,4.0,,1000.0
CHN,25.607,101.063,2000,6.0,7.0,1855007.0
CHN,24.263,103.797,2000,5.0,1.0,10302.0
CHN,40.498,122.994,2000,5.0,,62030.0
CHN,37.012,103.791,2000,6.0,,100.0
CHN,25.826,102.194,2000,5.0,1.0,177611.0
CHN,29.513,101.129,2001,6.0,3.0,300109.0
IRN,27.791,53.608,1998,5.0,5.0,4355.0
IDN,-2.071,124.891,1998,8.0,33.0,6448.0
IDN,-8.194,112.413,1998,6.0,1.0,500.0
IRN,33.199,47.225,1998,5.0,,500.0
COL,4.461,-75.724,1999,6.0,1186.0,1205933.0
MEX,18.386,-97.436,1999,7.0,15.0,16200.0
DZA,35.321,-1.281,1999,6.0,22.0,15175.0
ESP,38.193,-1.566,1999,6.0,,20.0
GRC,38.119,23.605,1999,6.0,143.0,115139.0
GTM,15.782,88.33,1999,7.0,2.0,280.0
IDN,-6.845,105.555,1999,7.0,5.0,16920.0
IND,30.512,79.403,1999,7.0,100.0,477894.0
IRN,28.343,57.193,1999,7.0,1.0,2690.0
IRN,29.501,51.88,1999,7.0,20.0,4100.0
IRN,36.92,54.9,1999,5.0,,250.0
MEX,16.1,96.7,1999,8.0,31.0,115215.0
MEX,18.324,-101.539,1999,6.0,,6500.0
IDN,-4.646,102.102,2000,7.0,103.0,204714.0
JPN,35.456,133.134,2000,7.0,,7132.0
IDN,-1.105,123.573,2000,8.0,45.0,52770.0
COL,7.042,-77.829,2000,7.0,2.0,430.0
GRC,38.922,20.64,2000,6.0,,600.0
IDN,-6.675,106.845,2000,5.0,,4124.0
IDN,-6.549,105.63,2000,7.0,,5500.0
IDN,-4.612,101.905,2000,7.0,1.0,3000.0
IRN,35.288,58.218,2000,5.0,1.0,2015.0
IRN,35.217,58.175,2000,5.0,,1000.0
ISL,63.98,-20.758,2000,7.0,,108.0
ISL,63.966,-20.487,2000,7.0,,91.0
JPN,34.221,139.131,2000,6.0,1.0,100.0
MEX,18.198,-102.48,2000,7.0,,1.0
NIC,11.884,-85.988,2000,5.0,7.0,7477.0
GTM,13.049,-88.66,2001,8.0,6.0,152.0
IND,23.419,70.232,2001,8.0,20005.0,6321812.0
PAK,36.479,71.086,1998,6.0,1.0,611.0
VUT,-16.423,168.214,1999,8.0,12.0,14100.0
PER,-16.66,-72.662,1999,7.0,1.0,1550.0
TUR,40.758,31.161,1999,7.0,845.0,224948.0
TWN,23.772,120.982,1999,8.0,2264.0,108664.0
PER,-13.64,-74.43,1999,4.0,,6580.0
PHL,15.766,119.74,1999,7.0,6.0,190.0
RUS,42.962,46.954,1999,3.0,,6240.0
TUR,40.748,29.864,1999,8.0,17127.0,1358953.0
TUR,40.709,30.045,1999,6.0,6.0,422.0
TUR,40.711,29.949,1999,5.0,1.0,166.0
TWN,23.445,120.506,1999,6.0,1.0,254.0
RUS,48.786,142.246,2000,7.0,,19108.0
PNG,-3.98,152.169,2000,8.0,2.0,5000.0
TJK,37.451,69.498,2000,5.0,,6000.0
TKM,39.566,54.799,2000,7.0,11.0,
TUR,38.164,38.777,2000,5.0,1.0,1000.0
TUR,40.693,32.992,2000,6.0,2.0,23080.0
TZA,-7.977,30.709,2000,7.0,1.0,791.0
USA,38.3788333,-122.4133333,2000,5.0,,25174.0
SLV,13.049,-88.66,2001,8.0,844.0,1334529.0
SLV,13.671,-88.938,2001,7.0,315.0,256021.0
PAK,23.419,70.232,2001,8.0,12.0,914292.0
TZA,-9.278,33.766,2001,4.0,,700.0
AFG,36.424,70.881,2001,6.0,,
AFG,35.169,69.389,2001,5.0,4.0,270.0
AFG,36.429,70.438,2002,6.0,150.0,3513.0
AFG,36.062,69.315,2002,6.0,1000.0,91228.0
AFG,35.959,69.417,2002,6.0,50.0,6150.0
ARG,-28.937,-66.797,2002,6.0,,727.0
CHN,24.768,99.061,2001,6.0,2.0,150190.0
CHN,27.689,101.003,2001,6.0,2.0,10605.0
CHN,24.455,102.66,2001,5.0,,25000.0
CHN,26.316,100.648,2001,6.0,1.0,17220.0
GRC,39.059,24.244,2001,7.0,,300.0
IDN,-6.99,108.275,2001,5.0,,12512.0
IDN,-4.68,102.562,2001,7.0,,
IRN,33.007,60.276,2001,5.0,,1000.0
JPN,34.083,132.526,2001,7.0,2.0,11261.0
IDN,-1.757,134.297,2002,8.0,8.0,9082.0
GEO,41.765,44.96,2002,5.0,6.0,19156.0
ITA,41.789,14.872,2002,6.0,30.0,8533.0
IND,13.036,93.068,2002,7.0,2.0,200.0
CHN,30.916,99.927,2002,5.0,,378.0
CHN,39.736,97.443,2002,6.0,2.0,65500.0
EGY,30.2,31.41,2002,4.0,,250.0
GRC,37.747,21.087,2002,6.0,,167.0
IDN,-1.196,121.333,2002,6.0,,2548.0
IDN,-1.68,134.234,2002,6.0,,155.0
IDN,2.824,96.085,2002,7.0,3.0,60.0
IRN,28.093,51.755,2002,5.0,1.0,780.0
IRN,34.642,47.4,2002,5.0,2.0,20056.0
IRN,35.626,49.047,2002,7.0,227.0,111300.0
IRN,34.594,47.454,2002,5.0,,15015.0
IRN,31.995,49.329,2002,6.0,,5.0
ITA,37.67,15.267,2002,4.0,,1009.0
ITA,38.381,13.701,2002,6.0,2.0,
MEX,18.77,-104.104,2003,8.0,29.0,178603.0
CHN,39.61,77.23,2003,6.0,268.0,517000.0
IDN,-8.807,118.524,2003,6.0,,2502.0
IRN,29.59,51.474,2003,5.0,,10080.0
PNG,-6.884,146.388,2001,6.0,,201.0
PER,-16.265,-73.641,2001,8.0,145.0,349978.0
PER,-15.35,-72.516,2001,6.0,2.0,155.0
PER,-14.258,-72.683,2001,6.0,4.0,3965.0
TUR,37.238,36.206,2001,6.0,,480.0
TUR,39.832,41.623,2001,5.0,,131.0
USA,47.149,-122.7266667,2001,7.0,1.0,400.0
TWN,24.279,122.179,2002,7.0,4.0,500.0
PAK,35.517,74.654,2002,5.0,17.0,15065.0
PAK,35.414,74.515,2002,6.0,19.0,140782.0
VUT,-17.6,167.856,2002,7.0,,500.0
VUT,-14.49,167.827,2002,6.0,,503.0
PHL,6.033,124.249,2002,8.0,15.0,73451.0
PNG,-3.302,142.945,2002,8.0,4.0,4470.0
PAK,36.429,70.438,2002,6.0,3.0,
PNG,-3.212,142.427,2002,7.0,1.0,1000.0
RWA,-1.684,29.077,2002,5.0,45.0,1643.0
SCG,42.436,21.466,2002,6.0,1.0,100.0
TJK,38.673,69.902,2002,5.0,3.0,1050.0
TJK,36.429,70.438,2002,6.0,,500.0
TUR,38.573,31.271,2002,7.0,42.0,252327.0
TZA,-2.907,33.733,2002,6.0,2.0,2000.0
AFG,35.893,70.62,2003,5.0,1.0,1001.0
TUR,39.5,39.878,2003,6.0,1.0,2.0
AFG,33.426,69.524,2004,5.0,2.0,1040.0
BDI,-3.393,29.558,2004,5.0,3.0,120.0
JPN,38.849,141.568,2003,7.0,,2303.0
JPN,41.774,143.593,2003,7.0,2.0,773.0
BGD,22.854,92.306,2003,6.0,2.0,2525.0
CHN,25.975,101.29,2003,6.0,16.0,1295584.0
DOM,19.777,-70.673,2003,6.0,3.0,2015.0
GRC,39.16,20.605,2003,6.0,,50.0
ITA,44.792,8.892,2003,5.0,,232.0
JPN,38.432,141.003,2003,6.0,,18191.0
DZA,36.964,3.634,2003,7.0,2266.0,210261.0
CHN,37.529,96.476,2003,6.0,,3300.0
CHN,39.43,77.219,2003,6.0,1.0,8003.0
CHN,43.77,119.643,2003,5.0,4.0,455500.0
CHN,25.954,101.254,2003,6.0,3.0,60056.0
CHN,38.383,100.975,2003,6.0,9.0,275043.0
CHN,34.712,103.834,2003,5.0,1.0,23369.0
CHN,27.372,103.971,2003,6.0,4.0,493065.0
CHN,42.905,80.515,2003,6.0,11.0,6018.0
CHN,27.283,103.753,2003,5.0,,10004.0
CRI,8.416,-82.824,2003,7.0,2.0,135.0
DZA,36.939,3.578,2003,6.0,9.0,200.0
IDN,2.354,128.855,2003,7.0,1.0,247.0
IDN,1.142,128.152,2003,6.0,,500.0
IRN,35.476,60.784,2003,5.0,,1091.0
IRN,28.355,54.169,2003,6.0,1.0,17525.0
IRN,28.995,58.311,2003,7.0,26796.0,267628.0
IRN,31.953,49.209,2003,5.0,,725.0
KAZ,42.946,72.764,2003,6.0,3.0,36626.0
JPN,37.226,138.779,2004,7.0,40.0,62183.0
IDN,-3.615,135.538,2004,7.0,37.0,14072.0
IDN,-3.609,135.404,2004,7.0,32.0,12833.0
CRI,9.602,-84.172,2004,6.0,8.0,280.0
IDN,-8.152,124.868,2004,8.0,33.0,83381.0
IRN,36.29,51.61,2004,6.0,35.0,498.0
IDN,3.295,95.982,2004,9.0,165708.0,532898.0
KEN,3.295,95.982,2004,9.0,1.0,
BGD,3.295,95.982,2004,9.0,2.0,
CHN,45.382,118.256,2004,6.0,,190100.0
CHN,27.266,103.873,2004,5.0,4.0,120600.0
CHN,25.073,99.169,2004,5.0,,100012.0
CHN,34.682,103.781,2004,5.0,,22019.0
CHN,37.506,96.758,2004,6.0,,4199.0
COL,2.265,-76.595,2004,5.0,1.0,502.0
COL,4.695,-77.508,2004,7.0,,8036.0
DEU,48.115,8.077,2004,5.0,,150.0
DMA,15.679,-61.706,2004,6.0,,100.0
DZA,36.852,3.418,2004,5.0,,300.0
DZA,36.848,3.448,2004,5.0,,15.0
GLP,15.679,-61.706,2004,6.0,1.0,153.0
IDN,-8.31,115.788,2004,6.0,1.0,30040.0
IDN,-0.466,100.655,2004,5.0,5.0,507.0
IND,3.295,95.982,2004,9.0,16389.0,654512.0
LKA,3.295,95.982,2004,9.0,35399.0,1019306.0
JPN,33.807,130.131,2005,7.0,1.0,3535.0
JPN,33.637,130.179,2005,6.0,,895.0
IDN,2.085,97.108,2005,9.0,915.0,105313.0
IDN,-1.198,119.933,2005,6.0,1.0,684.0
IRN,37.103,54.574,2005,5.0,,110.0
IRN,30.754,56.816,2005,6.0,612.0,94766.0
RUS,50.038,87.813,2003,7.0,3.0,1805.0
PAN,9.355,-79.941,2003,5.0,,340.0
PAN,8.416,-82.824,2003,7.0,2.0,1075.0
TUR,39.007,40.464,2003,6.0,177.0,290520.0
TUR,38.111,28.887,2003,5.0,,240.0
TUR,38.221,26.958,2003,6.0,,170.0
USA,35.7005,-121.1005,2003,7.0,2.0,160.0
PAK,34.774,73.216,2004,6.0,24.0,13148.0
SVN,46.296,13.641,2004,5.0,1.0,605.0
TJK,39.57,67.479,2004,4.0,,180.0
TUR,39.847,40.874,2004,6.0,,32530.0
MDV,3.295,95.982,2004,9.0,102.0,27214.0
MYS,3.295,95.982,2004,9.0,80.0,5063.0
THA,3.295,95.982,2004,9.0,8345.0,67007.0
MAR,35.142,-3.997,2004,6.0,628.0,13465.0
MMR,3.295,95.982,2004,9.0,71.0,15700.0
RUS,47.311,142.12,2004,5.0,,138.0
SOM,3.295,95.982,2004,9.0,298.0,105083.0
SYC,3.295,95.982,2004,9.0,3.0,4830.0
TUR,39.93,40.812,2004,6.0,9.0,4030.0
TUR,39.766,43.979,2004,5.0,18.0,356.0
TZA,3.295,95.982,2004,9.0,10.0,
TUR,37.622,43.703,2005,6.0,2.0,422.0
TUR,39.354,40.89,2005,6.0,,2268.0
ZAF,-26.913,26.789,2005,5.0,2.0,58.0
AFG,34.539,73.588,2005,8.0,1.0,
AFG,36.357,71.093,2005,7.0,5.0,501.0
AFG,37.255,68.828,2006,6.0,1.0,935.0
IND,34.539,73.588,2005,8.0,1309.0,156622.0
CHL,-19.987,-69.197,2005,8.0,11.0,27645.0
CHN,29.671,115.688,2005,5.0,16.0,615500.0
CHN,26.569,103.036,2005,5.0,,18509.0
IRN,26.774,55.858,2005,6.0,13.0,100.0
IRN,27.095,61.887,2005,6.0,,21912.0
CHN,28.012,104.151,2006,5.0,1.0,45551.0
IDN,0.626,99.859,2006,6.0,8.0,1200.0
IDN,-3.595,127.214,2006,7.0,3.0,1202.0
BGR,41.708,25.544,2006,5.0,,527.0
CHN,23.282,101.693,2006,5.0,,68761.0
CHN,27.995,104.138,2006,5.0,22.0,265106.0
CHN,33.068,104.95,2006,5.0,,130.0
CHN,31.56,113.21,2006,5.0,,20000.0
CHN,43.469,119.558,2006,5.0,,12000.0
DZA,36.623,5.328,2006,5.0,4.0,319.0
IDN,-7.961,110.446,2006,6.0,5778.0,3177923.0
IDN,-8.261,118.753,2006,6.0,1.0,114.0
IDN,-9.284,107.419,2006,8.0,802.0,35543.0
IRN,28.12,56.865,2006,6.0,,7006.0
IRN,33.5,48.78,2006,6.0,63.0,161418.0
IRN,30.79,56.7,2006,5.0,,70.0
IDN,-0.488,100.53,2007,6.0,67.0,137660.0
SLV,13.835,-89.759,2005,5.0,1.0,751.0
PAK,34.539,73.588,2005,8.0,73338.0,5128309.0
PER,-19.987,-69.197,2005,8.0,,
PER,-5.678,-76.398,2005,8.0,5.0,2505.0
PNG,-6.319,146.846,2005,6.0,1.0,200.0
TUR,39.22,41.08,2005,6.0,,354.0
TZA,-6.224,29.83,2005,7.0,2.0,5000.0
COD,-6.224,29.83,2005,7.0,6.0,1505.0
USA,19.878,-155.935,2006,7.0,,3529.0
KGZ,42.156,76.163,2006,6.0,,12050.0
MOZ,-21.324,33.583,2006,7.0,4.0,1476.0
RUS,60.949,167.089,2006,8.0,,12040.0
SLV,14.028,-89.785,2006,4.0,,16470.0
TJK,37.255,68.828,2006,6.0,3.0,15427.0
TWN,21.799,120.547,2006,7.0,2.0,42.0
JPN,37.336,136.588,2007,7.0,1.0,41027.0
SLB,-8.466,157.043,2007,8.0,52.0,2384.0
BRB,14.944,-61.274,2007,7.0,,1.0
CHL,-45.243,-72.648,2007,6.0,10.0,
IDN,-4.438,101.367,2007,8.0,25.0,459567.0
BRA,-15.048,-44.231,2007,5.0,1.0,286.0
CHL,-22.247,-69.89,2007,8.0,2.0,25155.0
CHN,23.028,101.052,2007,6.0,3.0,329.0
COL,2.966,-77.963,2007,7.0,,175.0
GBR,51.085,1.009,2007,5.0,,4501.0
HND,14.828,-87.12,2007,5.0,,1883.0
IDN,-7.783,114.338,2007,5.0,,469.0
IDN,-8.292,118.37,2007,7.0,3.0,21800.0
CHN,31.002,103.322,2008,8.0,87476.0,45976596.0
COL,4.33,-73.764,2008,6.0,11.0,1754.0
GRC,37.963,21.525,2008,6.0,2.0,3708.0
CHN,32.756,105.494,2008,6.0,4.0,13529.0
CHN,25.039,97.697,2008,6.0,6.0,160.0
CHN,26.241,101.889,2008,6.0,40.0,1000589.0
CHN,29.807,90.35,2008,6.0,30.0,754.0
CHN,23.97,97.569,2008,5.0,,27169.0
CHN,32.56,105.423,2008,6.0,8.0,351000.0
IDN,2.768,95.964,2008,7.0,3.0,25.0
IDN,-3.935,103.058,2008,5.0,2.0,625.0
IDN,1.271,122.091,2008,7.0,6.0,10077.0
CRI,10.165,-84.197,2009,6.0,31.0,128618.0
HND,16.731,-86.217,2009,7.0,7.0,50136.0
AFG,34.185,70.076,2009,5.0,22.0,3309.0
CHN,43.236,80.893,2009,5.0,,4549.0
IDN,-0.414,132.885,2009,8.0,5.0,4250.0
IDN,3.886,126.387,2009,7.0,,3049.0
JPN,37.535,138.446,2007,7.0,9.0,14000.0
PER,-13.386,-76.603,2007,8.0,593.0,658331.0
RUS,47.116,141.798,2007,6.0,2.0,7512.0
TJK,38.936,70.485,2007,5.0,11.0,7003.0
JPN,34.807,136.239,2007,5.0,,201.0
LCA,14.944,-61.274,2007,7.0,,
MTQ,14.944,-61.274,2007,7.0,1.0,100.0
JPN,39.03,140.881,2008,7.0,23.0,448.0
JPN,39.802,141.464,2008,7.0,1.0,470.0
PAK,30.639,67.351,2008,6.0,166.0,75320.0
IRN,33.86,48.59,2008,5.0,,170.0
IRN,26.743,55.828,2008,6.0,6.0,20545.0
KGZ,40.288,72.985,2008,6.0,,3000.0
KGZ,39.533,73.824,2008,7.0,74.0,1197.0
RUS,43.372,46.254,2008,6.0,13.0,5235.0
RWA,-2.296,28.9,2008,6.0,36.0,643.0
USA,41.1444,-114.8721,2008,6.0,,2103.0
ITA,42.334,13.334,2009,6.0,295.0,56000.0
COD,-2.296,28.9,2008,6.0,11.0,17355.0
IDN,-8.207,118.631,2009,7.0,1195.0,2501798.0
IDN,-7.782,107.297,2009,7.0,128.0,339792.0
ASM,-15.489,-172.095,2009,8.0,34.0,2500.0
ALB,41.483,20.388,2009,6.0,,150.0
BTN,-15.489,-172.095,2009,8.0,11.0,12.0
CHN,25.632,101.095,2009,6.0,1.0,65336.0
GEO,42.66,43.443,2009,6.0,,7306.0
IDN,-0.72,99.867,2009,8.0,2.0,1510.0
IRN,27.334,56.202,2009,5.0,,269.0
AFG,35.633,67.658,2010,6.0,11.0,1070.0
CHN,25.558,105.804,2010,4.0,8.0,9.0
IDN,-2.174,136.543,2010,7.0,17.0,4600.0
CHL,-36.122,-72.898,2010,9.0,562.0,2671556.0
IDN,-3.487,100.082,2010,8.0,530.0,11864.0
CHN,30.268,105.668,2010,5.0,1.0,10515.0
CHN,25.523,101.903,2010,5.0,,50011.0
CHN,33.165,96.548,2010,7.0,2968.0,112000.0
CHN,27.197,103.005,2010,5.0,,5014.0
HTI,18.443,-72.571,2010,7.0,222570.0,3700000.0
IRN,32.45,48.3,2010,5.0,,750.0
IRN,35.221,59.317,2010,6.0,,274.0
IRN,27.022,53.861,2010,6.0,1.0,32.0
IRN,33.37,48.94,2010,5.0,,104.0
IRN,28.412,59.18,2010,7.0,7.0,25.0
IRN,35.49,54.47,2010,6.0,3.0,3600.0
IND,27.73,88.155,2011,7.0,112.0,575200.0
IDN,38.297,142.373,2011,9.0,1.0,95.0
BTN,27.73,88.155,2011,7.0,1.0,20016.0
CHN,24.693,97.943,2011,5.0,,64501.0
CHN,24.727,97.957,2011,6.0,25.0,5440.0
CHN,20.687,99.822,2011,7.0,,9508.0
CHN,27.73,88.155,2011,7.0,7.0,5136.0
ESP,37.699,-1.672,2011,5.0,10.0,15300.0
JPN,34.743,138.264,2009,6.0,1.0,25319.0
TON,-15.489,-172.095,2009,8.0,9.0,507.0
MWI,-9.948,33.878,2009,6.0,1.0,15015.0
MWI,-10.108,33.818,2009,6.0,3.0,5721.0
PHL,6.513,124.715,2009,6.0,,392.0
SLB,-8.783,157.354,2010,7.0,,1126.0
MEX,32.2861667,-115.2953333,2010,7.0,2.0,25232.0
NZL,-43.522,171.83,2010,7.0,,300002.0
TJK,38.245,71.467,2010,5.0,,7840.0
TUR,38.864,39.986,2010,6.0,51.0,3600.0
TWN,22.918,120.795,2010,6.0,,96.0
USA,40.652,-124.6925,2010,7.0,,630.0
JPN,38.297,142.373,2011,9.0,19846.0,368820.0
JPN,38.276,141.588,2011,7.0,2.0,132.0
KGZ,40.081,71.41,2011,6.0,,
MMR,20.687,99.822,2011,7.0,74.0,21277.0
NPL,27.73,88.155,2011,7.0,7.0,167949.0
NZL,-43.583,172.68,2011,6.0,181.0,301500.0
PAK,28.777,63.951,2011,7.0,2.0,1000.0
THA,20.687,99.822,2011,7.0,1.0,16.0
TJK,40.081,71.41,2011,6.0,,
TUR,39.149,29.103,2011,6.0,3.0,10121.0
UZB,40.081,71.41,2011,6.0,13.0,
WSM,-15.489,-172.095,2009,8.0,148.0,5584.0
SRB,43.76,20.73,2010,6.0,2.0,27030.0
CHN,43.015,88.247,2011,5.0,,258.0
CHN,43.648,82.437,2011,6.0,,143000.0
CHN,39.955,77.028,2011,6.0,,1616.0
GTM,14.186,-90.238,2011,6.0,3.0,400.0
IDN,2.965,97.893,2011,7.0,10.0,
AFG,36.023,69.351,2012,6.0,73.0,237.0
AZE,41.549,46.789,2012,6.0,,15550.0
AZE,41.439,46.789,2012,5.0,,6949.0
BGR,42.645,22.968,2012,6.0,,210.0
CHL,-35.2,-72.217,2012,7.0,1.0,24297.0
CHN,27.767,100.781,2012,6.0,4.0,34234.0
CHN,43.433,84.7,2012,6.0,,155052.0
CHN,27.575,103.983,2012,6.0,81.0,744821.0
CHN,32.978,119.593,2012,5.0,1.0,2610.0
CHN,38.745,88.098,2012,5.0,,5500.0
CHN,39.383,81.307,2012,6.0,,36641.0
CRI,10.085,-85.315,2012,8.0,2.0,762.0
GTM,13.988,-91.895,2012,7.0,44.0,1321742.0
IDN,2.327,93.063,2012,9.0,7.0,107.0
IDN,-1.315,120.096,2012,6.0,6.0,7883.0
CHN,34.512,104.262,2013,6.0,95.0,123887.0
CHN,28.2425,99.3502,2013,6.0,3.0,538050.0
IDN,4.645,96.665,2013,6.0,48.0,55935.0
AFG,34.526,70.22,2013,6.0,18.0,3531.0
CHN,25.98,99.812,2013,5.0,,427740.0
CHN,30.308,102.888,2013,7.0,198.0,2198785.0
CHN,44.5993,124.1681,2013,5.0,,58300.0
CHN,31.066,110.412,2013,5.0,,90500.0
CHN,25.953,99.782,2013,5.0,,80555.0
CHN,40.253,78.944,2013,5.0,,2000.0
COL,1.135,-77.393,2013,7.0,,10015.0
GTM,14.6056,-92.1207,2013,6.0,1.0,572.0
HUN,47.624,20.227,2013,4.0,,1800.0
IDN,4.927,95.907,2013,6.0,1.0,515.0
IDN,5.1033,95.9709,2013,5.0,1.0,2738.0
IND,33.061,75.863,2013,6.0,3.0,59350.0
GRC,38.2082,20.4528,2014,6.0,,2023.0
NZL,-43.564,172.743,2011,6.0,1.0,345.0
MEX,17.986,-99.789,2011,7.0,2.0,152.0
PER,-14.438,-75.966,2011,7.0,1.0,2681.0
PHL,7.904,125.195,2011,5.0,,28.0
TUR,38.721,43.508,2011,7.0,604.0,32938.0
TUR,38.429,43.229,2011,6.0,40.0,105.0
MMR,23.005,95.885,2012,7.0,38.0,1486.0
PHL,9.999,123.206,2012,7.0,113.0,320277.0
IRN,38.329,46.826,2012,6.0,306.0,61546.0
IRN,33.506,59.571,2012,6.0,6.0,5523.0
IRN,36.288,58.835,2012,5.0,,238.0
ITA,44.89,11.23,2012,6.0,7.0,11050.0
ITA,44.851,11.086,2012,6.0,17.0,14350.0
MEX,16.493,-98.231,2012,7.0,2.0,49011.0
PER,-14.168,-75.635,2012,6.0,,4435.0
PHL,7.905,125.044,2012,6.0,,4001.0
PHL,10.811,126.638,2012,8.0,1.0,28879.0
TJK,38.612,70.354,2012,6.0,2.0,2531.0
SLB,-10.799,165.114,2013,8.0,10.0,3329.0
IRN,28.428,51.593,2013,6.0,37.0,4350.0
IRN,28.033,61.996,2013,8.0,,27.0
IRN,29.32,51.31,2013,6.0,8.0,1620.0
JPN,34.369,134.828,2013,6.0,,8438.0
NZL,-41.704,174.337,2013,7.0,,13840.0
PAK,28.033,61.996,2013,8.0,41.0,15175.0
PAK,26.951,65.5009,2013,8.0,399.0,185749.0
PAK,27.1825,65.5052,2013,7.0,22.0,50.0
PER,-15.8385,-74.5112,2013,7.0,,7084.0
PHL,9.8796,124.1167,2013,7.0,230.0,3222224.0
TWN,23.789,121.141,2013,6.0,4.0,1519.0
TWN,23.828,121.215,2013,6.0,1.0,97.0
IRN,27.1502,54.4482,2014,5.0,1.0,330.0
CHL,-19.61,-70.769,2014,8.0,6.0,513387.0
CHN,27.1891,103.4086,2014,6.0,731.0,1120513.0
COM,-12.228,44.3,2014,5.0,,10000.0
ECU,-0.018,-78.322,2014,5.0,3.0,18.0
CHN,35.9053,82.5864,2014,7.0,,450000.0
CHN,28.174,103.619,2014,5.0,,75021.0
CHN,24.974,97.844,2014,6.0,,225015.0
CHN,24.9997,97.845,2014,6.0,,184723.0
CHN,23.3834,100.4702,2014,6.0,1.0,255324.0
CHN,30.3398,101.7374,2014,6.0,5.0,82355.0
CHN,23.3577,100.533,2014,6.0,1.0,2022.0
DZA,36.8561,3.181,2014,6.0,6.0,420.0
GRC,40.2893,25.3889,2014,7.0,3.0,75002.0
GTM,14.724,-92.4614,2014,7.0,1.0,94783.0
COL,6.7757,-72.9875,2015,6.0,,41236.0
CHL,-31.5729,-71.6744,2015,8.0,19.0,681499.0
AFG,36.5244,70.3676,2015,8.0,115.0,92725.0
AFG,36.4935,71.1263,2015,6.0,,407.0
BGD,28.2305,84.7314,2015,8.0,4.0,200.0
CHN,44.133,85.568,2015,5.0,,8640.0
CHN,23.566,98.854,2015,5.0,,2032.0
CHN,28.2305,84.7314,2015,8.0,29.0,207883.0
CHN,27.8087,86.0655,2015,7.0,1.0,
CHN,37.4593,78.1542,2015,6.0,3.0,9263.0
ECU,0.382,-79.92,2016,8.0,672.0,389364.0
BGD,24.804,93.65,2016,7.0,5.0,70.0
ECU,0.495,-79.62,2016,7.0,1.0,147.0
IRN,32.5827,47.7037,2014,6.0,,12250.0
JPN,36.6408,137.8875,2014,6.0,,2657.0
MEX,17.397,-100.9723,2014,7.0,,381.0
MEX,14.724,-92.4614,2014,7.0,3.0,27000.0
NIC,11.642,-85.8779,2014,7.0,2.0,12281.0
PER,-13.843,-71.695,2014,5.0,8.0,604.0
THA,19.6557,99.6696,2014,6.0,1.0,17523.0
MYS,5.987,116.541,2015,6.0,24.0,10.0
NPL,28.23,84.731,2015,8.0,8831.0,5639722.0
NPL,27.8087,86.0655,2015,7.0,138.0,2428.0
IDN,-0.621,131.262,2015,7.0,,12247.0
IND,28.2305,84.7314,2015,8.0,78.0,560.0
IND,27.8087,86.0655,2015,7.0,20.0,
IND,36.5244,70.3676,2015,8.0,,10.0
KGZ,40.376,73.204,2015,6.0,,16780.0
PAK,36.5244,70.3676,2015,8.0,280.0,502590.0
PAK,36.4935,71.1263,2015,6.0,3.0,85.0
IDN,-3.863,127.229,2016,6.0,,368.0
IND,24.804,93.65,2016,7.0,8.0,10808.0
ITA,42.723,13.187,2016,6.0,296.0,4854.0
JPN,32.788,130.7,2016,7.0,9.0,120800.0
JPN,32.791,130.75,2016,7.0,49.0,298432.0
KOR,35.781,129.216,2016,5.0,,29832.0
MKD,42.009,21.49,2016,5.0,,100.0
PAK,36.473,71.13,2016,7.0,6.0,142.0
PER,-15.64,-71.68,2016,5.0,4.0,11182.0
AZE,40.7,48.6,1902,7.0,86.0,17540.0
CHN,39.88,76.2,1902,8.0,2500.0,
GRC,37.75,27.0,1904,6.0,4.0,1620.0
ALB,42.1,19600.0,1905,7.0,120.0,
CHN,29.3,104.8,1905,5.0,,
CHN,43.5,85.5,1906,8.0,280.0,10000.0
CHN,24.4,103.0,1909,7.0,21.0,
USA,38.2151667,-122.3123333,2014,6.0,1.0,3250.0
TUR,40.2893,25.3889,2014,7.0,,324.0
ZAF,-26.9899,26.7048,2014,5.0,1.0,2002.0
TJK,38.211,72.78,2015,7.0,2.0,7976.0
COD,-2.091,28.952,2015,6.0,3.0,390.0
TLS,-8.3381,124.8754,2015,7.0,,2003.0
TWN,22.938,120.6,2016,6.0,117.0,525.0
TJK,38.883,70.626,2016,5.0,,155.0
TZA,1.036,31.618,2016,6.0,17.0,139601.0
UGA,-1.036,31.618,2016,6.0,4.0,590.0
CHN,39.238,74.047,2016,7.0,1.0,37200.0
CHN,43.823,86.345,2016,6.0,,9120.0
CHN,26.077,99.539,2016,5.0,2.0,5000.0
CHN,33.193,103.855,2017,7.0,29.0,218325.0
GRC,38.915,26.371,2017,6.0,1.0,731.0
GRC,36.925,27.414,2017,7.0,2.0,120.0
CHN,29.833,94.978,2017,6.0,,23403.0
CHN,45.279,124.557,2018,5.0,,12000.0
CHN,24.332,102.941,2018,5.0,,18024.0
ALB,40.501,20.722,2019,5.0,,304.0
CHL,-30.074,-71.423,2019,7.0,2.0,780.0
CHN,29.498,104.632,2019,5.0,2.0,32772.0
CHN,28.405,104.957,2019,6.0,13.0,244220.0
ECU,-5.812,-75.27,2019,8.0,,15.0
IRN,35.2,58.2,1903,7.0,350.0,
ISR,32.2,35.3,1903,6.0,20.0,
JPN,34.0,132.0,1905,8.0,11.0,177.0
JPN,35.4,136.3,1909,7.0,41.0,2928.0
PRT,38.9,-8.8,1909,7.0,30.0,
NZL,-42.725,173.064,2016,8.0,2.0,50.0
IDN,-8.218,117.816,2016,6.0,,3410.0
IDN,5.281,96.108,2016,7.0,104.0,86018.0
ITA,42.934,13.043,2016,6.0,1.0,3027.0
ITA,42.855,13.088,2016,7.0,,22292.0
JPN,35.37,133.812,2016,6.0,,493.0
MMR,20.923,94.569,2016,7.0,4.0,1152.0
PER,-15.321,-70.823,2016,6.0,1.0,257.0
MEX,15.022,-93.899,2017,8.0,98.0,1200250.0
MEX,18.55,-98.489,2017,7.0,369.0,256000.0
PHL,13.77,120.935,2017,6.0,,25000.0
IRN,37.772,57.204,2017,6.0,3.0,2262.0
IRN,34.911,45.959,2017,7.0,444.0,209000.0
IRN,35.649,50.962,2017,5.0,2.0,120.0
IRQ,34.911,45.959,2017,7.0,10.0,5969.0
KOR,36.065,129.27,2017,5.0,,5057.0
PHL,9.907,125.452,2017,7.0,8.0,16857.0
PHL,11.111,124.619,2017,7.0,3.0,16500.0
IDN,-178.0,119.84,2018,8.0,4140.0,2000000.0
PNG,-6.149,142.766,2018,8.0,145.0,544300.0
IDN,-8.287,116.452,2018,7.0,564.0,516927.0
HTI,20.034,-73.013,2018,6.0,17.0,39336.0
IDN,-7.196,105.918,2018,6.0,1.0,13811.0
IDN,-8.274,116.491,2018,6.0,14.0,102852.0
IDN,-8.325,116.577,2018,7.0,10.0,779.0
IRN,34.645,46.179,2018,6.0,,5042.0
IRN,34.663,46.277,2018,6.0,2.0,13255.0
IRN,34.304,45.74,2018,6.0,,716.0
JPN,34.826,135.64,2018,6.0,5.0,20715.0
MEX,16.646,-97.653,2018,7.0,,3004.0
PER,-15.759,74.71,2018,7.0,2.0,9319.0
PNG,-6.307,142.62,2018,,11.0,
PNG,-6.294,142.607,2018,7.0,25.0,
JPN,38.637,139.48,2019,6.0,,460.0
IDN,-0.586,128.034,2019,7.0,8.0,11804.0
IDN,-1.301,101.601,2019,5.0,,1763.0
IDN,-8.418,116.52,2019,6.0,9.0,1295.0
IDN,-7.282,104.791,2019,7.0,6.0,2104.0
IRN,31.775,49.542,2019,6.0,1.0,2100.0
PER,-5.812,-75.27,2019,8.0,2.0,4272.0
PHL,14.99,120.35,2019,6.0,25.0,15555.0
PHL,9.32,125.99,2019,6.0,,9577.0
PHL,20.807,121.986,2019,6.0,9.0,3027.0
PNG,-4.051,152.6,2019,8.0,,651.0
TUR,40.3,43.1,1900,6.0,140.0,
TUR,39.1,42.4,1903,,1700.0,
TUR,40.9,42.7,1903,6.0,1000.0,
TWN,23.5,120.5,1904,6.0,3.0,208.0
TWN,23.5,120.3,1904,6.0,145.0,2141.0
TWN,23.4,120.4,1906,7.0,15.0,5466.0
TWN,25.0,121.5,1909,7.0,9.0,417.0
CRI,10.0,-84.0,1910,,700.0,
CHN,24.15,102.45,1913,7.0,942.0,112.0
CHN,29.5,91.5,1915,7.0,170.0,
ALB,40.2,20.0,1920,6.0,200.0,
ARG,-32.7,-68.4,1920,6.0,400.0,
COL,1.0,-77.5,1923,5.0,300.0,
CHN,36.983,164.0,1924,7.0,100.0,
CHN,27.0,100.0,1925,6.0,12.0,1500.0
ALB,40.5,19.5,1930,6.0,35.0,3048.0
ALB,40.3,19.6,1930,5.0,25.0,
CHN,26.8,103.0,1930,6.0,42.0,
CHN,30.0,100.0,1930,6.0,200.0,
ALB,40.6,20.8,1931,6.0,90.0,
ARM,39.2,46.0,1931,6.0,2890.0,
CHN,46.817,89.915,1931,8.0,10000.0,
CHN,29.5,102.5,1933,5.0,200.0,150.0
CHN,28.7,103.6,1935,6.0,100.0,
CHN,35.4,103.4,1936,7.0,,48250.0
CHN,34.2,105.7,1936,6.0,115.0,22326.0
CHN,26.6,103.0,1936,6.0,30.0,
COL,1.1,-77.6,1936,7.0,,
COL,1.2,-77.3,1936,,18.0,
CHN,35.259,115.184,1937,,390.0,
CHN,23.9,102.3,1940,6.0,181.0,58255.0
CHN,40.2,122.0,1940,6.0,,5950.0
CHN,47.0,127.2,1931,6.0,132.0,31808.0
CHN,31.7,102.3,1941,6.0,15.0,360.0
ALB,41.7,20.4,1942,6.0,43.0,110.0
CHN,23.1,100.3,1942,7.0,90.0,
CHN,39.5,119.0,1945,6.0,17.0,30.0
CHN,29.5,100.5,1948,7.0,800.0,3200.0
CHN,26.4,99.7,1948,7.0,110.0,4000.0
CHN,42.0,84.0,1949,7.0,21.0,5067.0
CHN,26.7,100.0,1951,6.0,,149450.0
CHN,30.648,91.601,1952,7.0,54.0,3870.0
CHN,22.9,99.7,1952,6.0,,300.0
CRI,10.3,-83.5,1952,,29.0,
CRI,10.0,-84.5,1955,6.0,10.0,
COL,1.5,-79.5,1958,8.0,111.0,46.0
CHN,30.2,104.1,1967,6.0,,2085.0
COL,6.747,-73.032,1967,7.0,20.0,
DZA,35.5,-0.1,1967,5.0,10.0,215.0
EGY,27.575,33.895,1969,7.0,2.0,551.0
AFG,36.278,69.681,1972,6.0,11.0,15.0
CHN,31.398,100.581,1973,7.0,,840.0
COL,7.747,-77.688,1974,7.0,11.0,
CHN,41.145,108.129,1979,6.0,,2104.0
SLB,-10.676,161.33,2016,8.0,,9770.0
USA,35.991,-96.803,2016,5.0,,120.0
SLV,13.095,-88.099,2018,6.0,,2499.0
TWN,24.136,121.658,2018,6.0,84.0,285.0
SLV,13.243,-89.272,2019,7.0,1.0,160.0
USA,35.77,-117.599,2019,7.0,,150.0
ALB,41.381,19.454,2019,6.0,,4608.0
ALB,41.511,19.522,2019,6.0,51.0,202913.0
CHN,29.573,105.064,2019,5.0,1.0,15582.0
ECU,-2.199,-77.023,2019,8.0,,249.0
CHN,27.296,103.281,2020,5.0,4.0,3324.0
ARG,-31.818,-68.847,2021,6.0,,1814.0
BTN,26.781,92.457,2021,6.0,,502.0
CHN,41.816,81.164,2021,5.0,3.0,195.0
CHN,25.761,100.011,2021,6.0,3.0,39028.0
CHN,29.182,105.391,2021,5.0,3.0,24395.0
PAK,30.0,68.0,1909,7.0,231.0,
TWN,25.5,122.5,1910,8.0,60.0,
IRN,32.23,57.03,1911,7.0,700.0,
JPN,28.0,130.0,1911,8.0,12.0,1266.0
KAZ,43.5,77.5,1911,8.0,450.0,
MEX,17.5,-102.5,1911,8.0,45.0,22.0
TJK,38.2,72.8,1911,7.0,90.0,
IDN,5.354,126.121,1913,8.0,138.0,
GRC,38.8,20.6,1930,6.0,14.0,
ITA,37.7,15.2,1914,5.0,120.0,669.0
PER,-15.2,-73.2,1914,,34.0,
TUR,37.82,30.27,1914,7.0,4000.0,51700.0
TWN,23.7,120.9,1916,7.0,180.0,1842.0
TWN,24.0,121.0,1916,6.0,1.0,311.0
TWN,23.9,120.9,1917,6.0,54.0,475.0
MEX,19.26,-96.97,1920,8.0,648.0,167.0
TWN,24.5,122.0,1922,8.0,5.0,417.0
JPN,32.7,130.3,1922,,27.0,
IRN,36.617,57.046,1923,6.0,157.0,
IRN,29.196,56.833,1923,7.0,290.0,
IDN,-7.3,109.8,1924,,60.0,
TUR,39.7,42.8,1924,5.0,50.0,
TUR,39.897,41.891,1924,7.0,60.0,1140.0
PHL,9.782,123.064,1925,7.0,17.0,
IRN,34.6,58.1,1925,6.0,500.0,
JPN,35.423,135.007,1925,7.0,395.0,9999.0
TUR,41.2,42.8,1925,6.0,200.0,
TUR,38.0,30.5,1925,6.0,3.0,6129.0
ITA,43.667,13.267,1930,6.0,18.0,
MMR,17.4,95.5,1930,,50.0,
NIC,12.1,-86.2,1930,,1000.0,
TJK,38.4,68.5,1930,6.0,175.0,
TWN,23.261,120.277,1930,6.0,4.0,891.0
TWN,23.2,120.6,1930,6.0,,363.0
GRC,40.5,23.9,1932,7.0,151.0,22641.0
IDN,-3.57,128.35,1932,,,365.0
MEX,19.5,-104.25,1932,8.0,400.0,120.0
MEX,19.0,-104.5,1932,7.0,,2000.0
IRN,36.6,53.4,1932,5.0,1070.0,
ITA,42.0,14.2,1933,,10.0,
TUR,37.919,40.211,1934,,100.0,
TUR,37.919,40.211,1934,,20.0,
IRN,36.3,53.3,1935,6.0,60.0,
IRN,36.3,53.5,1935,6.0,690.0,
TUR,39.3,40.6,1935,6.0,540.0,
IDN,4.5,126.5,1936,8.0,,845.0
IRN,33.0,60.0,1936,6.0,12.0,
SLV,13.2,-88.7,1936,,400.0,
TWN,22.3,120.8,1936,7.0,10.0,75.0
PHL,14.575,121.68,1937,8.0,1.0,200.0
MEX,18.8,-97.5,1937,8.0,34.0,
JPN,39.945,139.682,1939,7.0,27.0,1489.0
PER,-12.5,-72.0,1939,,37.0,
TUR,41.7,43.8,1940,6.0,16.0,
IRN,33.482,58.785,1941,6.0,730.0,
TUR,39.5,43.3,1941,6.0,430.0,
TUR,39.7,39.4,1941,6.0,15.0,
TWN,23.304,120.393,1941,7.0,319.0,5304.0
PER,-14.819,-74.708,1942,8.0,30.0,25.0
TUR,39.2,28.2,1942,6.0,16.0,
TUR,40.3,34.6,1942,,17.0,
TUR,40.8,30.5,1943,7.0,285.0,
TUR,40.6,30.5,1943,6.0,285.0,
TUR,40.0,40.0,1943,,550.0,
IRN,36.8,54.5,1944,5.0,20.0,
TUR,38.9,29.3,1944,6.0,21.0,
IRN,35.2,52.1,1945,,20.0,
TUR,37.4,35.8,1945,6.0,300.0,
TUR,38.5,43.3,1945,,300.0,
TUR,38.2,31.8,1946,6.0,12.0,
TWN,26.19,121.086,1946,7.0,58.0,3884.0
GRC,36.728,21.897,1947,8.0,3.0,35020.0
GRC,38.532,20.425,1948,7.0,2.0,11375.0
IDN,-6.0,113.0,1950,7.0,16.0,50.0
IRN,27.3,53.2,1950,,20.0,
TUR,40.0,40.0,1950,,20.0,
PNG,-9.3,147.1,1951,,3000.0,
TWN,23.8,121.7,1951,7.0,68.0,12496.0
TWN,22.9,121.5,1951,8.0,17.0,250.0
JPN,41.831,143.525,1952,7.0,,356.0
TUR,39.8,39.5,1952,,94.0,
IRN,28.5,52.3,1953,,11.0,
TUR,41.4,26.3,1953,,37.0,
GRC,39.8,22.1,1954,,25.0,
GRC,39.4,23.1,1955,,8.0,26582.0
PAK,30.5,67.0,1955,,12.0,
TWN,22.078,121.105,1959,7.0,16.0,63.0
IRN,27.861,54.528,1961,6.0,60.0,
JPN,36.0,136.7,1961,7.0,10.0,
TWN,24.411,122.094,1963,7.0,15.0,18.0
GRC,37.7,21.8,2020,6.0,32.0,200.0
IRN,37.6,47.1,1965,5.0,20.0,
IND,28.7,78.9,1966,6.0,15.0,
TUR,39.1,41.6,1966,6.0,10.0,
TUR,38.9,41.3,1966,5.0,12.0,20.0
IDN,5.121,96.286,1967,7.0,14.0,10000.0
TUR,39.5,40.4,1967,6.0,97.0,
IRN,34.0,58.2,1968,7.0,700.0,
MEX,16.519,-97.739,1968,7.0,18.0,
PRT,36.033,-10.613,1969,8.0,2.0,80.0
MAR,36.033,-10.613,1969,8.0,11.0,
PER,-9.9,-75.6,1970,5.0,12.0,
TUR,39.1,28.7,1970,6.0,,793.0
IDN,-7.2,109.1,1971,5.0,1.0,6891.0
ITA,43.8,13.3,1972,4.0,2.0,
JPN,43.233,145.785,1973,8.0,,27.0
PER,-12.299,-76.352,1974,6.0,10.0,
ITA,46.302,13.197,1976,,11.0,
SLB,-9.965,160.731,1977,8.0,18.0,1.0
TUR,39.672,28.66,1979,5.0,,1000.0
MEX,17.25,-93.21,1982,4.0,10.0,200.0
IDN,-3.45,128.347,2019,7.0,31.0,247418.0
IRN,37.808,47.558,2019,6.0,6.0,23084.0
PAK,33.106,73.766,2019,6.0,39.0,130398.0
PHL,6.714,125.009,2019,6.0,7.0,3283.0
PHL,6.754,124.985,2019,7.0,10.0,26025.0
PHL,6.905,125.187,2019,7.0,23.0,260703.0
PHL,6.708,125.188,2019,7.0,14.0,394565.0
TUR,40.89,28.173,2019,6.0,1.0,1453.0
PRI,17.937,-66.727,2020,5.0,,150.0
PRI,17.935,-66.883,2020,6.0,4.0,5078.0
GRC,37.913,26.779,2020,7.0,2.0,919.0
HRV,45.897,15.966,2020,5.0,1.0,78942.0
HRV,45.422,16.255,2020,6.0,8.0,149407.0
IDN,2.911,128.248,2020,6.0,,1560.0
IRN,38.543,44.447,2020,6.0,,15075.0
MEX,15.916,-95.953,2020,7.0,10.0,24393.0
PHL,12.021,124.123,2020,7.0,1.0,4980.0
TUR,38.39,44.367,2020,7.0,41.0,70607.0
TUR,38.543,44.447,2020,6.0,9.0,3050.0
TUR,39.421,40.697,2020,6.0,1.0,6635.0
TUR,38.558,44.023,2020,5.0,,278.0
TUR,37.913,26.779,2020,7.0,115.0,6034.0
IDN,-2.976,118.901,2021,6.0,110.0,100653.0
IDN,-3.593,129.503,2021,6.0,,750.0
GRC,39.789,22.119,2021,59.0,,2711.0
HTI,18.408,-73.475,2021,7.0,2577.0,591763.0
IDN,-8.562,112.519,2021,6.0,9.0,5979.0
IND,26.781,92.457,2021,6.0,2.0,3010.0
IRN,29.787,50.669,2021,6.0,,3543.0
JPN,37.745,141.749,2021,7.0,1.0,7892.0
JPN,38.475,141.633,2021,7.0,,611.0
PAK,30.22,68.014,2021,6.0,20.0,800.0
USA,34.3,-119.8,1925,6.0,13.0,
YUG,44.3,17.0,1943,,19.0,
USA,34.1,-119.0,1973,6.0,,
USA,19.936,-155.098,1973,7.0,,11.0
USA,42.06,-122.55,1975,6.0,,1560.0
BGD,21.431,91.762,2000,4.3,,1000.0
CHN,25.607,101.063,2000,5.9,7.0,1855007.0
CHN,24.263,103.797,2000,4.9,1.0,10302.0
CHN,40.498,122.994,2000,5.1,,62030.0
IRN,35.288,58.218,2000,5.3,1.0,2015.0
IRN,35.217,58.175,2000,4.9,,1000.0
ISL,63.98,-20.758,2000,6.5,,108.0
COL,7.042,-77.829,2000,6.5,2.0,430.0
MEX,18.198,-102.48,2000,6.5,,1.0
IDN,-1.105,123.573,2000,7.6,45.0,52770.0
TUR,38.164,38.777,2000,4.5,1.0,1000.0
TUR,40.693,32.992,2000,6.0,2.0,23080.0
IDN,-4.646,102.102,2000,6.7,103.0,204714.0
CHN,37.012,103.791,2000,5.6,,100.0
GRC,38.922,20.64,2000,5.6,,600.0
ISL,63.966,-20.487,2000,6.5,,91.0
NIC,11.884,-85.988,2000,5.4,7.0,7477.0
JPN,34.221,139.131,2000,6.1,1.0,100.0
IDN,-6.675,106.845,2000,5.4,,4124.0
RUS,48.786,142.246,2000,6.8,,19108.0
CHN,25.826,102.194,2000,4.9,1.0,177611.0
USA,38.3788333,-122.4133333,2000,4.9,,25174.0
TZA,-7.977,30.709,2000,6.5,1.0,791.0
JPN,35.456,133.134,2000,6.7,,7132.0
TJK,37.451,69.498,2000,4.8,,6000.0
PNG,-3.98,152.169,2000,8.0,2.0,5000.0
IDN,-6.549,105.63,2000,6.8,,5500.0
IDN,-4.612,101.905,2000,6.7,1.0,3000.0
AZE,40.245,49.946,2000,6.8,31.0,3294.0
TKM,39.566,54.799,2000,7.0,11.0,
TZA,-9.278,33.766,2001,4.3,,700.0
SLV,13.049,-88.66,2001,7.7,844.0,1334529.0
GTM,13.049,-88.66,2001,7.7,6.0,152.0
IND,23.419,70.232,2001,7.7,20005.0,6321812.0
PAK,23.419,70.232,2001,7.7,12.0,914292.0
SLV,13.671,-88.938,2001,6.6,315.0,256021.0
CHN,29.513,101.129,2001,5.6,3.0,300109.0
AFG,36.424,70.881,2001,6.2,,
USA,47.149,-122.7266667,2001,6.8,1.0,400.0
JPN,34.083,132.526,2001,6.8,2.0,11261.0
CHN,24.768,99.061,2001,5.6,2.0,150190.0
CHN,27.689,101.003,2001,5.5,2.0,10605.0
AFG,35.169,69.389,2001,5.0,4.0,270.0
PER,-16.265,-73.641,2001,8.4,145.0,349978.0
PNG,-6.884,146.388,2001,6.4,,201.0
TUR,37.238,36.206,2001,5.5,,480.0
CHN,24.455,102.66,2001,4.6,,25000.0
IDN,-6.99,108.275,2001,5.0,,12512.0
CHN,26.316,100.648,2001,5.6,1.0,17220.0
IDN,-4.68,102.562,2001,7.4,,
TUR,39.832,41.623,2001,5.4,,131.0
GRC,39.059,24.244,2001,6.5,,300.0
IRN,33.007,60.276,2001,4.9,,1000.0
PER,-15.35,-72.516,2001,5.8,2.0,155.0
PER,-14.258,-72.683,2001,5.8,4.0,3965.0
VUT,-17.6,167.856,2002,7.2,,500.0
TJK,38.673,69.902,2002,5.3,3.0,1050.0
RWA,-1.684,29.077,2002,4.7,45.0,1643.0
TUR,38.573,31.271,2002,6.5,42.0,252327.0
PNG,-3.212,142.427,2002,6.7,1.0,1000.0
IRN,28.093,51.755,2002,5.4,1.0,780.0
AFG,36.429,70.438,2002,6.3,150.0,3513.0
PAK,36.429,70.438,2002,6.3,3.0,
TJK,36.429,70.438,2002,6.3,,500.0
PHL,6.033,124.249,2002,7.5,15.0,73451.0
TWN,24.279,122.179,2002,7.1,4.0,500.0
AFG,36.062,69.315,2002,6.1,1000.0,91228.0
AFG,35.959,69.417,2002,5.9,50.0,6150.0
SCG,42.436,21.466,2002,5.7,1.0,100.0
IRN,34.642,47.4,2002,5.4,2.0,20056.0
GEO,41.765,44.96,2002,4.8,6.0,19156.0
ARG,-28.937,-66.797,2002,6.0,,727.0
IRN,35.626,49.047,2002,6.5,227.0,111300.0
IDN,-1.196,121.333,2002,6.2,,2548.0
EGY,30.2,31.41,2002,4.4,,250.0
PNG,-3.302,142.945,2002,7.6,4.0,4470.0
IND,13.036,93.068,2002,6.5,2.0,200.0
IDN,-1.757,134.297,2002,7.6,8.0,9082.0
TZA,-2.907,33.733,2002,5.5,2.0,2000.0
CHN,30.916,99.927,2002,5.3,,378.0
ITA,37.67,15.267,2002,4.3,,1009.0
ITA,41.789,14.872,2002,5.9,30.0,8533.0
PAK,35.517,74.654,2002,5.4,17.0,15065.0
PAK,35.414,74.515,2002,6.3,19.0,140782.0
GRC,37.747,21.087,2002,5.7,,167.0
VUT,-14.49,167.827,2002,5.9,,503.0
IRN,34.594,47.454,2002,5.2,,15015.0
IDN,-1.68,134.234,2002,6.4,,155.0
IRN,31.995,49.329,2002,5.6,,5.0
IDN,2.824,96.085,2002,7.4,3.0,60.0
CHN,39.736,97.443,2002,5.6,2.0,65500.0
ITA,38.381,13.701,2002,6.0,2.0,
MEX,18.77,-104.104,2003,7.6,29.0,178603.0
TUR,39.5,39.878,2003,6.1,1.0,2.0
IRN,29.59,51.474,2003,5.2,,10080.0
IDN,-8.807,118.524,2003,5.5,,2502.0
CHN,39.61,77.23,2003,6.3,268.0,517000.0
CHN,37.529,96.476,2003,6.4,,3300.0
ITA,44.792,8.892,2003,5.0,,232.0
TUR,39.007,40.464,2003,6.4,177.0,290520.0
CHN,39.43,77.219,2003,5.8,1.0,8003.0
AFG,35.893,70.62,2003,4.6,1.0,1001.0
DZA,36.964,3.634,2003,6.8,2266.0,210261.0
JPN,38.849,141.568,2003,7.0,,2303.0
IDN,2.354,128.855,2003,7.0,1.0,247.0
DZA,36.939,3.578,2003,5.8,9.0,200.0
KAZ,42.946,72.764,2003,5.5,3.0,36626.0
IRN,35.476,60.784,2003,5.2,,1091.0
CHN,25.975,101.29,2003,6.0,16.0,1295584.0
JPN,38.432,141.003,2003,5.5,,18191.0
GRC,39.16,20.605,2003,6.3,,50.0
CHN,43.77,119.643,2003,5.4,4.0,455500.0
PAN,9.355,-79.941,2003,5.4,,340.0
IDN,1.142,128.152,2003,6.0,,500.0
IRN,28.355,54.169,2003,5.8,1.0,17525.0
BGD,22.854,92.306,2003,5.7,2.0,2525.0
JPN,41.774,143.593,2003,7.4,2.0,773.0
DOM,19.777,-70.673,2003,6.4,3.0,2015.0
RUS,50.038,87.813,2003,7.3,3.0,1805.0
CHN,25.954,101.254,2003,5.6,3.0,60056.0
CHN,38.383,100.975,2003,5.8,9.0,275043.0
CHN,34.712,103.834,2003,5.1,1.0,23369.0
CHN,27.372,103.971,2003,5.6,4.0,493065.0
CHN,42.905,80.515,2003,6.0,11.0,6018.0
CHN,27.283,103.753,2003,4.7,,10004.0
USA,35.7005,-121.1005,2003,6.5,2.0,160.0
CRI,8.416,-82.824,2003,6.5,2.0,135.0
PAN,8.416,-82.824,2003,6.5,2.0,1075.0
IRN,28.995,58.311,2003,6.6,26796.0,267628.0
TUR,38.111,28.887,2003,4.5,,240.0
IRN,31.953,49.209,2003,5.0,,725.0
TUR,38.221,26.958,2003,5.8,,170.0
IDN,-8.31,115.788,2004,5.8,1.0,30040.0
DZA,36.852,3.418,2004,4.5,,300.0
IDN,-3.615,135.538,2004,7.0,37.0,14072.0
PAK,34.774,73.216,2004,5.5,24.0,13148.0
MAR,35.142,-3.997,2004,6.4,628.0,13465.0
IDN,-0.466,100.655,2004,5.1,5.0,507.0
CHN,45.382,118.256,2004,5.5,,190100.0
TUR,39.93,40.812,2004,5.6,9.0,4030.0
TUR,39.847,40.874,2004,5.6,,32530.0
TJK,39.57,67.479,2004,4.3,,180.0
IRN,36.29,51.61,2004,6.3,35.0,498.0
RUS,47.311,142.12,2004,4.9,,138.0
TUR,39.766,43.979,2004,5.1,18.0,356.0
CHN,27.266,103.873,2004,5.4,4.0,120600.0
COL,2.265,-76.595,2004,5.1,1.0,502.0
AFG,33.426,69.524,2004,5.2,2.0,1040.0
CHN,25.073,99.169,2004,4.8,,100012.0
JPN,37.226,138.779,2004,6.6,40.0,62183.0
IDN,-8.152,124.868,2004,7.5,33.0,83381.0
CHN,34.682,103.781,2004,5.2,,22019.0
COL,4.695,-77.508,2004,7.2,,8036.0
DMA,15.679,-61.706,2004,6.3,,100.0
GLP,15.679,-61.706,2004,6.3,1.0,153.0
CRI,9.602,-84.172,2004,6.4,8.0,280.0
IDN,-3.609,135.404,2004,7.1,32.0,12833.0
DZA,36.848,3.448,2004,4.5,,15.0
BGD,3.295,95.982,2004,9.1,2.0,
IDN,3.295,95.982,2004,9.1,165708.0,532898.0
IND,3.295,95.982,2004,9.1,16389.0,654512.0
KEN,3.295,95.982,2004,9.1,1.0,
LKA,3.295,95.982,2004,9.1,35399.0,1019306.0
MDV,3.295,95.982,2004,9.1,102.0,27214.0
MMR,3.295,95.982,2004,9.1,71.0,15700.0
MYS,3.295,95.982,2004,9.1,80.0,5063.0
SOM,3.295,95.982,2004,9.1,298.0,105083.0
SYC,3.295,95.982,2004,9.1,3.0,4830.0
THA,3.295,95.982,2004,9.1,8345.0,67007.0
TZA,3.295,95.982,2004,9.1,10.0,
DEU,48.115,8.077,2004,4.8,,150.0
SVN,46.296,13.641,2004,5.2,1.0,605.0
BDI,-3.393,29.558,2004,4.7,3.0,120.0
CHN,37.506,96.758,2004,5.5,,4199.0
IRN,37.103,54.574,2005,5.4,,110.0
IDN,-1.198,119.933,2005,6.3,1.0,684.0
TUR,37.622,43.703,2005,5.9,2.0,422.0
IRN,30.754,56.816,2005,6.4,612.0,94766.0
TUR,39.354,40.89,2005,5.8,,2268.0
JPN,33.807,130.131,2005,6.6,1.0,3535.0
ZAF,-26.913,26.789,2005,5.0,2.0,58.0
IDN,2.085,97.108,2005,8.6,915.0,105313.0
JPN,33.637,130.179,2005,5.5,,895.0
SLV,13.835,-89.759,2005,4.8,1.0,751.0
CHL,-19.987,-69.197,2005,7.8,11.0,27645.0
PER,-19.987,-69.197,2005,7.8,,
PNG,-6.319,146.846,2005,6.1,1.0,200.0
TUR,39.22,41.08,2005,5.6,,354.0
PER,-5.678,-76.398,2005,7.5,5.0,2505.0
AFG,34.539,73.588,2005,7.6,1.0,
IND,34.539,73.588,2005,7.6,1309.0,156622.0
PAK,34.539,73.588,2005,7.6,73338.0,5128309.0
CHN,29.671,115.688,2005,5.2,16.0,615500.0
IRN,26.774,55.858,2005,5.9,13.0,100.0
COD,-6.224,29.83,2005,6.8,6.0,1505.0
TZA,-6.224,29.83,2005,6.8,2.0,5000.0
AFG,36.357,71.093,2005,6.5,5.0,501.0
IRN,27.095,61.887,2005,6.0,,21912.0
CHN,26.569,103.036,2005,5.2,,18509.0
CHN,23.282,101.693,2006,4.6,,68761.0
MOZ,-21.324,33.583,2006,7.0,4.0,1476.0
IRN,28.12,56.865,2006,6.0,,7006.0
BGR,41.708,25.544,2006,4.6,,527.0
DZA,36.623,5.328,2006,5.2,4.0,319.0
IRN,33.5,48.78,2006,6.1,63.0,161418.0
RUS,60.949,167.089,2006,7.6,,12040.0
IDN,-3.595,127.214,2006,6.7,3.0,1202.0
IRN,30.79,56.7,2006,5.0,,70.0
IDN,-7.961,110.446,2006,6.3,5778.0,3177923.0
IDN,-9.284,107.419,2006,7.7,802.0,35543.0
CHN,27.995,104.138,2006,4.9,22.0,265106.0
AFG,37.255,68.828,2006,5.6,1.0,935.0
TJK,37.255,68.828,2006,5.6,3.0,15427.0
CHN,33.068,104.95,2006,4.9,,130.0
CHN,28.012,104.151,2006,5.0,1.0,45551.0
CHN,31.56,113.21,2006,4.5,,20000.0
CHN,43.469,119.558,2006,4.7,,12000.0
IDN,0.626,99.859,2006,5.8,8.0,1200.0
TWN,21.799,120.547,2006,7.1,2.0,42.0
KGZ,42.156,76.163,2006,5.8,,12050.0
SLV,14.028,-89.785,2006,4.1,,16470.0
USA,19.878,-155.935,2006,6.7,,3529.0
IDN,-8.261,118.753,2006,6.3,1.0,114.0
IDN,-0.488,100.53,2007,6.3,67.0,137660.0
JPN,37.336,136.588,2007,6.7,1.0,41027.0
SLB,-8.466,157.043,2007,8.1,52.0,2384.0
CHL,-45.243,-72.648,2007,6.2,10.0,
CHN,23.028,101.052,2007,6.1,3.0,329.0
JPN,37.535,138.446,2007,6.6,9.0,14000.0
TJK,38.936,70.485,2007,5.2,11.0,7003.0
RUS,47.116,141.798,2007,6.2,2.0,25012.0
PER,-13.386,-76.603,2007,8.0,593.0,658331.0
COL,2.966,-77.963,2007,6.8,,175.0
IDN,-4.438,101.367,2007,8.4,25.0,459567.0
HND,14.828,-87.12,2007,5.3,,1883.0
IDN,-7.783,114.338,2007,4.9,,469.0
IDN,-8.292,118.37,2007,6.5,3.0,21800.0
BRB,14.944,-61.274,2007,7.4,,1.0
LCA,14.944,-61.274,2007,7.4,,
MTQ,14.944,-61.274,2007,7.4,1.0,100.0
CHL,-22.247,-69.89,2007,7.7,2.0,25155.0
BRA,-15.048,-44.231,2007,4.9,1.0,286.0
JPN,34.807,136.239,2007,5.1,,201.0
GBR,51.085,1.009,2007,4.6,,4501.0
KGZ,40.288,72.985,2008,5.6,,3000.0
COD,-2.296,28.9,2008,5.9,11.0,17355.0
RWA,-2.296,28.9,2008,5.9,36.0,643.0
IDN,2.768,95.964,2008,7.4,3.0,25.0
USA,41.1444,-114.8721,2008,5.9,,2103.0
IRN,33.86,48.59,2008,4.5,,170.0
CHN,31.002,103.322,2008,7.9,87476.0,45976596.0
GRC,37.963,21.525,2008,6.4,2.0,3708.0
JPN,39.03,140.881,2008,6.9,23.0,448.0
JPN,39.802,141.464,2008,6.8,1.0,470.0
CHN,32.756,105.494,2008,6.0,4.0,13529.0
CHN,25.039,97.697,2008,6.0,6.0,160.0
CHN,26.241,101.889,2008,6.0,40.0,1000589.0
IRN,26.743,55.828,2008,6.1,6.0,20545.0
IDN,-3.935,103.058,2008,5.2,2.0,625.0
KGZ,39.533,73.824,2008,6.7,74.0,1197.0
CHN,29.807,90.35,2008,6.3,30.0,754.0
RUS,43.372,46.254,2008,5.8,13.0,5235.0
PAK,30.639,67.351,2008,6.4,166.0,75320.0
IDN,1.271,122.091,2008,7.4,6.0,10077.0
CHN,23.97,97.569,2008,4.8,,27169.0
COL,4.33,-73.764,2008,5.9,11.0,1754.0
CHN,32.56,105.423,2008,6.1,8.0,351000.0
IDN,-0.414,132.885,2009,7.7,5.0,4250.0
CRI,10.165,-84.197,2009,6.1,31.0,128618.0
CHN,43.236,80.893,2009,5.1,,4549.0
IDN,3.886,126.387,2009,7.2,,3049.0
ITA,42.334,13.334,2009,6.3,295.0,56000.0
AFG,34.185,70.076,2009,5.2,22.0,3309.0
HND,16.731,-86.217,2009,7.3,7.0,50136.0
CHN,25.632,101.095,2009,5.7,1.0,65336.0
JPN,34.743,138.264,2009,6.2,1.0,25319.0
IDN,-7.782,107.297,2009,7.0,128.0,339792.0
ALB,41.483,20.388,2009,5.5,,150.0
GEO,42.66,43.443,2009,6.0,,7306.0
PHL,6.513,124.715,2009,5.7,,392.0
BTN,-15.489,-172.095,2009,8.1,11.0,12.0
ASM,-15.489,-172.095,2009,8.1,34.0,2500.0
TON,-15.489,-172.095,2009,8.1,9.0,507.0
WSM,-15.489,-172.095,2009,8.1,148.0,5584.0
IDN,-8.207,118.631,2009,6.6,1195.0,2501798.0
IDN,-0.72,99.867,2009,7.6,2.0,1510.0
IRN,27.334,56.202,2009,5.0,,269.0
MWI,-9.948,33.878,2009,5.9,1.0,15015.0
MWI,-10.108,33.818,2009,6.0,3.0,5721.0
TJK,38.245,71.467,2010,5.4,,7840.0
SLB,-8.783,157.354,2010,7.1,,1126.0
HTI,18.443,-72.571,2010,7.0,222570.0,3700000.0
IRN,32.45,48.3,2010,5.0,,750.0
USA,40.652,-124.6925,2010,6.5,,630.0
CHN,30.268,105.668,2010,5.1,1.0,10515.0
CHN,25.523,101.903,2010,5.2,,50011.0
CHL,-36.122,-72.898,2010,8.8,562.0,2671556.0
TUR,38.864,39.986,2010,6.1,51.0,3600.0
MEX,32.2861667,-115.2953333,2010,7.2,2.0,25232.0
CHN,33.165,96.548,2010,6.9,2968.0,112000.0
IDN,-2.174,136.543,2010,7.0,17.0,4600.0
IRN,35.221,59.317,2010,5.5,,274.0
IRN,27.022,53.861,2010,5.8,1.0,32.0
NZL,-43.522,171.83,2010,7.0,,300002.0
IDN,-3.487,100.082,2010,7.8,530.0,11864.0
SRB,43.76,20.73,2010,5.5,2.0,27030.0
IRN,33.37,48.94,2010,4.9,,104.0
IRN,28.412,59.18,2010,6.7,7.0,25.0
CHN,25.558,105.804,2010,4.4,8.0,9.0
TWN,22.918,120.795,2010,6.3,,96.0
AFG,35.633,67.658,2010,5.6,11.0,1070.0
IRN,35.49,54.47,2010,5.8,3.0,3600.0
CHN,27.197,103.005,2010,4.9,,5014.0
CHN,24.693,97.943,2011,4.8,,64501.0
NZL,-43.583,172.68,2011,6.1,181.0,301500.0
CHN,24.727,97.957,2011,5.5,25.0,5440.0
IDN,38.297,142.373,2011,9.1,1.0,95.0
JPN,38.297,142.373,2011,9.1,19846.0,368820.0
CHN,20.687,99.822,2011,6.9,,9508.0
MMR,20.687,99.822,2011,6.9,74.0,21277.0
THA,20.687,99.822,2011,6.9,1.0,16.0
PAK,28.777,63.951,2011,7.2,2.0,1000.0
JPN,38.276,141.588,2011,7.1,2.0,132.0
ESP,37.699,-1.672,2011,5.1,10.0,15300.0
TUR,39.149,29.103,2011,5.8,3.0,10121.0
KGZ,40.081,71.41,2011,6.1,,
TJK,40.081,71.41,2011,6.1,,
UZB,40.081,71.41,2011,6.1,13.0,86.0
BTN,27.73,88.155,2011,6.9,1.0,20016.0
CHN,27.73,88.155,2011,6.9,7.0,5136.0
IND,27.73,88.155,2011,6.9,112.0,575200.0
NPL,27.73,88.155,2011,6.9,7.0,167949.0
GTM,14.186,-90.238,2011,5.6,3.0,400.0
CHN,43.015,88.247,2011,5.1,,258.0
NZL,-43.564,172.743,2011,5.9,1.0,345.0
IDN,2.965,97.893,2011,6.7,10.0,
TUR,38.721,43.508,2011,7.1,604.0,32938.0
CHN,43.648,82.437,2011,5.6,,143000.0
PER,-14.438,-75.966,2011,6.9,1.0,2681.0
PHL,7.904,125.195,2011,4.9,,28.0
TUR,38.429,43.229,2011,5.6,40.0,105.0
MEX,17.986,-99.789,2011,6.5,2.0,152.0
CHN,39.955,77.028,2011,5.6,,1616.0
PER,-14.168,-75.635,2012,6.4,,4435.0
PHL,9.999,123.206,2012,6.7,113.0,320277.0
IDN,2.327,93.063,2012,8.6,7.0,107.0
MEX,16.493,-98.231,2012,7.4,2.0,49011.0
CHL,-35.2,-72.217,2012,7.1,1.0,24297.0
ITA,44.89,11.23,2012,6.0,7.0,11050.0
TJK,38.612,70.354,2012,5.7,2.0,2531.0
BGR,42.645,22.968,2012,5.6,,210.0
ITA,44.851,11.086,2012,5.8,17.0,14350.0
AFG,36.023,69.351,2012,5.7,75.0,3548.0
CHN,27.767,100.781,2012,5.5,4.0,34234.0
AZE,41.549,46.789,2012,5.6,,15550.0
IRN,38.329,46.826,2012,6.4,306.0,61546.0
PHL,7.905,125.044,2012,5.7,,4001.0
CHN,43.433,84.7,2012,6.3,,155052.0
CRI,10.085,-85.315,2012,7.6,2.0,762.0
CHN,27.575,103.983,2012,5.5,81.0,744821.0
CHN,32.978,119.593,2012,4.9,1.0,2610.0
IDN,-1.315,120.096,2012,6.3,6.0,7883.0
GTM,13.988,-91.895,2012,7.4,44.0,1321742.0
MMR,23.005,95.885,2012,6.8,38.0,1486.0
PHL,10.811,126.638,2012,7.6,1.0,28879.0
IRN,33.506,59.571,2012,5.8,6.0,5523.0
CHN,38.745,88.098,2012,5.3,,5500.0
AZE,41.439,46.789,2012,5.1,,6949.0
IRN,36.288,58.835,2012,5.1,,238.0
CHN,39.383,81.307,2012,5.9,,36641.0
IDN,4.927,95.907,2013,6.1,1.0,515.0
SLB,-10.799,165.114,2013,8.0,10.0,3329.0
COL,1.135,-77.393,2013,6.9,,10015.0
CHN,25.98,99.812,2013,5.2,,427740.0
IRN,28.428,51.593,2013,6.4,37.0,4350.0
IRN,28.033,61.996,2013,7.7,,27.0
PAK,28.033,61.996,2013,7.7,41.0,15175.0
CHN,30.308,102.888,2013,6.6,198.0,2198785.0
HUN,47.624,20.227,2013,4.4,,1800.0
JPN,34.369,134.828,2013,5.8,,8438.0
IND,33.061,75.863,2013,5.7,3.0,59350.0
AFG,34.526,70.22,2013,5.5,18.0,3531.0
TWN,23.789,121.141,2013,6.2,4.0,1519.0
IDN,4.645,96.665,2013,6.1,48.0,55935.0
CHN,34.512,104.262,2013,5.9,95.0,123887.0
NZL,-41.704,174.337,2013,6.5,,13840.0
CHN,28.2425,99.3502,2013,5.6,3.0,538050.0
PAK,26.951,65.5009,2013,7.7,399.0,185749.0
PHL,9.8796,124.1167,2013,7.1,230.0,3222224.0
GTM,14.6056,-92.1207,2013,6.4,1.0,572.0
PER,-15.8385,-74.5112,2013,7.1,,7084.0
IDN,5.1033,95.9709,2013,5.4,1.0,2738.0
CHN,44.5993,124.1681,2013,5.3,,58300.0
PAK,27.1825,65.5052,2013,6.8,22.0,50.0
IRN,29.32,51.31,2013,5.8,8.0,1620.0
CHN,31.066,110.412,2013,5.1,,90500.0
TWN,23.828,121.215,2013,5.9,1.0,97.0
CHN,25.953,99.782,2013,5.1,,80555.0
CHN,40.253,78.944,2013,5.0,,2000.0
GRC,38.2082,20.4528,2014,6.1,,2023.0
IRN,27.1502,54.4482,2014,5.2,1.0,330.0
CHN,35.9053,82.5864,2014,6.9,,450000.0
CHL,-19.61,-70.769,2014,8.2,6.0,513387.0
NIC,11.642,-85.8779,2014,6.6,2.0,12281.0
MEX,17.397,-100.9723,2014,7.2,,381.0
CHN,28.174,103.619,2014,5.4,,75021.0
THA,19.6557,99.6696,2014,6.1,1.0,17523.0
CHN,24.974,97.844,2014,5.8,,225015.0
GRC,40.2893,25.3889,2014,6.9,3.0,75002.0
TUR,40.2893,25.3889,2014,6.9,,324.0
CHN,24.9997,97.845,2014,5.9,,184723.0
GTM,14.724,-92.4614,2014,6.9,1.0,94783.0
MEX,14.724,-92.4614,2014,6.9,3.0,27000.0
COM,-12.228,44.3,2014,4.8,,10000.0
CHN,27.1891,103.4086,2014,6.2,731.0,1120513.0
IRN,32.5827,47.7037,2014,6.0,,12250.0
ECU,-0.018,-78.322,2014,5.1,4.0,62.0
DZA,36.8561,3.181,2014,5.5,6.0,420.0
ZAF,-26.9899,26.7048,2014,5.4,1.0,2002.0
USA,38.2151667,-122.3123333,2014,6.02,1.0,3250.0
PER,-13.843,-71.695,2014,4.9,8.0,604.0
CHN,23.3834,100.4702,2014,6.1,1.0,255324.0
CHN,30.3398,101.7374,2014,5.9,5.0,82355.0
JPN,36.6408,137.8875,2014,6.2,,2657.0
CHN,23.3577,100.533,2014,5.6,1.0,2022.0
CHN,44.133,85.568,2015,5.1,,8640.0
COL,6.7757,-72.9875,2015,6.2,,41236.0
CHN,23.566,98.854,2015,5.2,,2032.0
BGD,28.2305,84.7314,2015,7.8,4.0,200.0
CHN,28.2305,84.7314,2015,7.8,29.0,207883.0
IND,28.2305,84.7314,2015,7.8,78.0,560.0
NPL,28.23,84.731,2015,7.8,8831.0,5639722.0
CHN,27.8087,86.0655,2015,7.3,1.0,
IND,27.8087,86.0655,2015,7.3,20.0,
NPL,27.8087,86.0655,2015,7.3,138.0,2428.0
MYS,5.987,116.541,2015,6.0,24.0,10.0
CHN,37.4593,78.1542,2015,6.4,4.0,3048.0
COD,-2.091,28.952,2015,5.5,3.0,390.0
IDN,-0.621,131.262,2015,6.6,,12247.0
CHL,-31.5729,-71.6744,2015,8.3,19.0,681499.0
AFG,36.5244,70.3676,2015,7.5,115.0,92725.0
IND,36.5244,70.3676,2015,7.5,,10.0
PAK,36.5244,70.3676,2015,7.5,280.0,502590.0
KGZ,40.376,73.204,2015,5.6,,16780.0
TJK,38.211,72.78,2015,7.2,2.0,7976.0
AFG,36.4935,71.1263,2015,6.3,,407.0
PAK,36.4935,71.1263,2015,6.3,3.0,85.0
TLS,-8.3381,124.8754,2015,6.5,,2003.0
BGD,24.804,93.65,2016,6.7,5.0,70.0
IND,24.804,93.65,2016,6.7,8.0,10808.0
IDN,-3.863,127.229,2016,5.5,,368.0
TWN,22.938,120.6,2016,6.4,117.0,525.0
PAK,36.473,71.13,2016,6.6,6.0,142.0
JPN,32.788,130.7,2016,6.5,9.0,120800.0
ECU,0.382,-79.92,2016,7.8,672.0,389364.0
JPN,32.791,130.75,2016,7.3,49.0,298432.0
ECU,0.495,-79.62,2016,6.8,1.0,147.0
TJK,38.883,70.626,2016,5.4,,155.0
PER,-15.64,-71.68,2016,5.3,4.0,11182.0
ITA,42.723,13.187,2016,6.2,296.0,4854.0
TZA,1.036,31.618,2016,5.9,17.0,139601.0
UGA,-1.036,31.618,2016,5.9,4.0,590.0
MKD,42.009,21.49,2016,5.1,,100.0
KOR,35.781,129.216,2016,5.4,,29832.0
ITA,42.934,13.043,2016,6.1,1.0,3027.0
ITA,42.855,13.088,2016,6.5,,22292.0
MMR,20.923,94.569,2016,6.8,4.0,1152.0
NZL,-42.725,173.064,2016,7.8,2.0,50.0
IDN,-8.218,117.816,2016,5.9,,3410.0
PER,-15.321,-70.823,2016,6.3,1.0,257.0
IDN,5.281,96.108,2016,6.5,104.0,86018.0
CHN,39.238,74.047,2016,6.6,1.0,37200.0
SLB,-10.676,161.33,2016,7.8,,9770.0
JPN,35.37,133.812,2016,6.2,,493.0
USA,35.991,-96.803,2016,5.0,,120.0
CHN,43.823,86.345,2016,5.9,,9120.0
CHN,26.077,99.539,2016,4.8,2.0,5000.0
ITA,42.601,13.227,2017,5.3,29.0,11.0
PHL,9.907,125.452,2017,6.7,8.0,16857.0
PHL,13.77,120.935,2017,5.9,,25000.0
GRC,38.915,26.371,2017,6.3,1.0,731.0
IRN,37.772,57.204,2017,5.6,3.0,2262.0
PHL,11.111,124.619,2017,6.5,3.0,16500.0
GRC,36.925,27.414,2017,6.7,2.0,120.0
CHN,33.193,103.855,2017,6.5,29.0,218325.0
MEX,15.022,-93.899,2017,8.1,98.0,1200250.0
MEX,18.55,-98.489,2017,7.1,369.0,256000.0
KOR,36.065,129.27,2017,5.4,,5057.0
IRN,34.911,45.959,2017,7.3,444.0,209000.0
IRQ,34.911,45.959,2017,7.3,10.0,5969.0
CHN,29.833,94.978,2017,6.4,,23403.0
IRN,35.649,50.962,2017,4.9,2.0,120.0
IDN,-7.492,108.174,2017,6.5,4.0,8895.0
PER,-15.759,74.71,2018,7.1,2.0,9319.0
IDN,-7.196,105.918,2018,6.0,1.0,13811.0
PNG,-6.149,142.766,2018,7.5,145.0,544300.0
TWN,24.136,121.658,2018,6.4,84.0,285.0
JPN,34.826,135.64,2018,5.5,5.0,20715.0
CHN,45.279,124.557,2018,5.1,,12000.0
IDN,-8.274,116.491,2018,6.4,14.0,102852.0
IDN,-8.287,116.452,2018,6.9,564.0,516927.0
IRN,34.645,46.179,2018,5.9,,5042.0
IDN,-8.325,116.577,2018,6.9,10.0,779.0
IRN,34.663,46.277,2018,6.0,2.0,13255.0
MEX,16.646,-97.653,2018,7.2,,3004.0
PNG,-6.307,142.62,2018,,11.0,
PNG,-6.294,142.607,2018,6.7,25.0,
SLV,13.095,-88.099,2018,5.6,,2499.0
CHN,24.332,102.941,2018,5.0,,18024.0
IDN,-0.256,119.846,2018,7.5,4140.0,2000000.0
HTI,20.034,-73.013,2018,5.9,17.0,39336.0
IRN,34.304,45.74,2018,6.3,,716.0
CHL,-30.074,-71.423,2019,6.7,2.0,780.0
IDN,-1.301,101.601,2019,5.4,,1763.0
CHN,29.498,104.632,2019,4.9,2.0,32772.0
IDN,-8.418,116.52,2019,5.8,9.0,1295.0
PHL,14.99,120.35,2019,6.1,25.0,15555.0
ALB,40.501,20.722,2019,5.2,,304.0
SLV,13.243,-89.272,2019,6.6,1.0,160.0
ECU,-5.812,-75.27,2019,8.0,,15.0
PER,-5.812,-75.27,2019,8.0,2.0,4272.0
CHN,28.405,104.957,2019,5.8,13.0,244220.0
PNG,-4.051,152.6,2019,7.6,,651.0
IRN,31.775,49.542,2019,5.7,1.0,2100.0
USA,35.77,-117.599,2019,7.1,,150.0
JPN,38.637,139.48,2019,6.4,,460.0
IDN,-0.586,128.034,2019,7.2,8.0,11804.0
PHL,9.32,125.99,2019,5.5,,9577.0
PHL,20.807,121.986,2019,6.0,9.0,3027.0
IDN,-7.282,104.791,2019,6.9,6.0,2104.0
ALB,41.381,19.454,2019,5.6,,4608.0
IDN,-3.45,128.347,2019,6.5,31.0,247418.0
PAK,33.106,73.766,2019,5.6,39.0,130398.0
ECU,-2.199,-77.023,2019,7.5,,249.0
TUR,40.89,28.173,2019,5.7,1.0,1453.0
PHL,6.714,125.009,2019,6.4,7.0,3283.0
CHN,29.573,105.064,2019,5.1,1.0,15582.0
PHL,6.754,124.985,2019,6.6,10.0,26025.0
PHL,6.905,125.187,2019,6.5,23.0,260703.0
IRN,37.808,47.558,2019,5.9,6.0,23084.0
ALB,41.511,19.522,2019,6.4,51.0,202913.0
PHL,6.708,125.188,2019,6.8,14.0,394565.0
PRI,17.935,-66.883,2020,6.4,4.0,5078.0
TUR,38.39,44.367,2020,6.7,41.0,70607.0
IRN,38.543,44.447,2020,5.8,,15075.0
TUR,38.543,44.447,2020,5.8,9.0,3050.0
HRV,45.897,15.966,2020,5.4,1.0,78942.0
PRI,17.937,-66.727,2020,5.4,,150.0
IDN,2.911,128.248,2020,6.4,,1560.0
CHN,27.296,103.281,2020,5.1,4.0,3324.0
TUR,39.421,40.697,2020,5.9,1.0,6635.0
TUR,38.558,44.023,2020,5.4,,278.0
MEX,15.916,-95.953,2020,7.4,10.0,24393.0
PHL,12.021,124.123,2020,6.6,1.0,4980.0
GRC,37.913,26.779,2020,7.0,2.0,919.0
TUR,37.913,26.779,2020,7.0,115.0,6034.0
HRV,45.422,16.255,2020,6.4,8.0,149407.0
ARG,-31.818,-68.847,2021,6.4,,1814.0
IDN,-2.976,118.901,2021,6.2,110.0,100653.0
JPN,37.745,141.749,2021,7.1,1.0,7892.0
GRC,39.789,22.119,2021,5.8,,2711.0
JPN,38.475,141.633,2021,7.0,,611.0
IDN,-8.562,112.519,2021,6.0,9.0,5979.0
CHN,41.816,81.164,2021,5.4,3.0,195.0
IRN,29.787,50.669,2021,5.9,,3543.0
BTN,26.781,92.457,2021,6.0,,502.0
IND,26.781,92.457,2021,6.4,2.0,3010.0
CHN,25.761,100.011,2021,6.1,3.0,39028.0
IDN,-3.593,129.503,2021,5.9,,750.0
HTI,18.408,-73.475,2021,7.2,2575.0,702763.0
CHN,29.182,105.391,2021,5.4,3.0,24395.0
MEX,16.982,-99.773,2021,7.0,3.0,21951.0
GRC,35.252,25.26,2021,6.0,1.0,2336.0
PAK,30.22,68.014,2021,5.9,21.0,64100.0
IDN,-8.356,115.458,2021,5.1,3.0,4532.0
IRN,27.721,56.065,2021,6.3,1.0,36588.0
ECU,-4.49,-76.846,2021,7.2,,39.0
PER,-4.49,-76.846,2021,7.2,,17912.0
LAO,22.37,101.671,2021,5.7,,
AFG,34.929,63.621,2022,5.3,28.0,4004.0
IDN,-6.86,105.289,2022,6.6,,15390.0
CHN,37.828,101.29,2022,6.6,,26499.0
HTI,18.494,-73.3,2022,5.3,2.0,1017.0
PER,-4.466,-76.928,2022,6.5,,300.0
GTM,14.228,-91.343,2022,6.2,3.0,31302.0
IDN,0.216,100.096,2022,6.1,15.0,24903.0
JPN,37.702,141.587,2022,7.3,3.0,741.0
ECU,0.909,-79.589,2022,5.8,1.0,7804.0
CHN,30.395,102.958,2022,5.8,4.0,13541.0
AFG,33.092,69.514,2022,5.9,1036.0,364623.0
IRN,26.899,55.321,2022,6.1,5.0,22300.0
CHN,33.373,101.887,2022,5.9,,784.0
PER,-16.783,-71.31,2022,5.5,,302.0
PHL,17.56,120.801,2022,7.0,10.0,502856.0
CHN,29.726,102.279,2022,6.6,118.0,130400.0
PNG,-6.256,146.469,2022,7.6,7.0,1969.0
TWN,23.119,121.422,2022,6.5,1.0,140.0
MEX,18.247,-102.952,2022,6.8,3.0,18005.0
MEX,18.497,-102.982,2022,7.6,2.0,17886.0
IRN,38.493,45.038,2022,5.6,,12565.0
PHL,17.662,120.823,2022,6.4,,147422.0
NPL,29.274,81.149,2022,5.7,6.0,30008.0
IDN,-6.853,107.095,2022,5.6,334.0,2204645.0
TUR,40.847,30.967,2022,6.1,2.0,306.0
USA,40.525,124.423,2022,6.4,2.0,12.0
IDN,-7.065,130.005,2023,7.6,1.0,4421.0
IRN,38.44,44.946,2023,5.7,,41678.0
IRN,38.424,44.909,2023,5.9,3.0,262404.0
SYR,38.055,36.51,2023,7.8,5900.0,8808700.0
TUR,38.055,36.51,2023,7.8,53000.0,16107000.0
SYR,36.159,36.034,2023,6.3,,470.0
TUR,36.159,36.034,2023,6.3,6.0,294.0
ECU,-2.837,-79.844,2023,6.8,14.0,127416.0
PER,-2.837,-79.844,2023,6.8,1.0,141.0
AFG,36.519,70.946,2023,6.5,5.0,3345.0
PAK,36.519,70.946,2023,6.5,11.0,939.0
PNG,-4.326,143.159,2023,7.0,8.0,16274.0
TJK,39.383,69.881,2023,4.8,,2205.0
JPN,37.548,137.299,2023,6.2,1.0,2254.0
FRA,46.212,-0.785,2023,4.8,,752.0
IDN,-8.674,110.041,2023,5.8,1.0,1120.0
CHN,37.231,116.391,2023,5.4,,399.0
MAR,31.058,-8.385,2023,6.8,2946.0,845674.0
AFG,34.517,61.946,2023,5.4,2445.0,569240.0
NPL,29.498,81.243,2023,5.7,1.0,36273.0
AFG,34.53,62.048,2023,6.3,1.0,140.0
NPL,28.848,82.18,2023,5.7,154.0,300366.0
PHL,19.236,21.229,2023,6.2,,180.0
PHL,5.583,125.022,2023,6.7,11.0,99578.0
PHL,8.527,126.449,2023,7.6,3.0,721076.0
CHN,35.743,102.827,2023,5.9,151.0,600980.0
JPN,37.495,137.265,2024,7.5,252.0,168129.0
CHN,41.219,78.724,2024,5.6,6.0,12572.0
KAZ,41.27,78.621,2024,5.8,,67.0
PNG,-4.139,143.159,2024,6.9,5.0,5002.0
IDN,-5.867,112.362,2024,6.4,,144522.0
TWN,23.819,121.562,2024,7.4,20.0,2369.0
IDN,-8.005,107.28,2024,6.1,1.0,2812.0
IRN,35.261,58.458,2024,4.9,4.0,120.0
PER,-15.827,-74.464,2024,7.2,,9063.0
PHL,8.193,126.0,2024,6.8,,24000.0
TUR,38.309,38.826,2024,6.0,,1717.0
CUB,19.812,-77.039,2024,6.8,,6007.0
VUT,-17.686,168.034,2024,7.3,14.0,80265.0
